e,E,s,k
kline,1703897012086,BTCUSDT,"{'t': 1703896980000, 'T': 1703897039999, 's': 'BTCUSDT', 'i': '1m', 'f': 4423097797, 'L': 4423098114, 'o': '42181.40', 'c': '42173.60', 'h': '42181.40', 'l': '42171.70', 'v': '17.779', 'n': 318, 'x': False, 'q': '749870.39770', 'V': '6.491', 'Q': '273760.32110', 'B': '0'}"
kline,1703897012504,BTCUSDT,"{'t': 1703896980000, 'T': 1703897039999, 's': 'BTCUSDT', 'i': '1m', 'f': 4423097797, 'L': 4423098116, 'o': '42181.40', 'c': '42173.60', 'h': '42181.40', 'l': '42171.70', 'v': '18.302', 'n': 320, 'x': False, 'q': '771927.19050', 'V': '6.491', 'Q': '273760.32110', 'B': '0'}"
kline,1703897012656,ETHUSDT,"{'t': 1703896980000, 'T': 1703897039999, 's': 'ETHUSDT', 'i': '1m', 'f': 3475189083, 'L': 3475189400, 'o': '2304.80', 'c': '2304.43', 'h': '2304.80', 'l': '2304.23', 'v': '239.720', 'n': 318, 'x': False, 'q': '552411.48253', 'V': '154.928', 'Q': '357004.16613', 'B': '0'}"
kline,1703897012920,ETHUSDT,"{'t': 1703896980000, 'T': 1703897039999, 's': 'ETHUSDT', 'i': '1m', 'f': 3475189083, 'L': 3475189401, 'o': '2304.80', 'c': '2304.43', 'h': '2304.80', 'l': '2304.23', 'v': '239.738', 'n': 319, 'x': False, 'q': '552452.96227', 'V': '154.928', 'Q': '357004.16613', 'B': '0'}"
kline,1703897013793,BNBUSDT,"{'t': 1703896980000, 'T': 1703897039999, 's': 'BNBUSDT', 'i': '1m', 'f': 1124029685, 'L': 1124029981, 'o': '313.980', 'c': '314.110', 'h': '314.120', 'l': '313.950', 'v': '337.99', 'n': 297, 'x': False, 'q': '106138.41960', 'V': '148.90', 'Q': '46760.33000', 'B': '0'}"
kline,1703897013881,ETHUSDT,"{'t': 1703896980000, 'T': 1703897039999, 's': 'ETHUSDT', 'i': '1m', 'f': 3475189083, 'L': 3475189463, 'o': '2304.80', 'c': '2304.41', 'h': '2304.80', 'l': '2304.23', 'v': '241.517', 'n': 381, 'x': False, 'q': '556552.53763', 'V': '154.928', 'Q': '357004.16613', 'B': '0'}"
kline,1703897014284,BTCUSDT,"{'t': 1703896980000, 'T': 1703897039999, 's': 'BTCUSDT', 'i': '1m', 'f': 4423097797, 'L': 4423098117, 'o': '42181.40', 'c': '42173.60', 'h': '42181.40', 'l': '42171.70', 'v': '18.332', 'n': 321, 'x': False, 'q': '773192.39850', 'V': '6.491', 'Q': '273760.32110', 'B': '0'}"
kline,1703897014371,BNBUSDT,"{'t': 1703896980000, 'T': 1703897039999, 's': 'BNBUSDT', 'i': '1m', 'f': 1124029685, 'L': 1124029982, 'o': '313.980', 'c': '314.110', 'h': '314.120', 'l': '313.950', 'v': '338.05', 'n': 298, 'x': False, 'q': '106157.26620', 'V': '148.96', 'Q': '46779.17660', 'B': '0'}"
kline,1703897014764,BNBUSDT,"{'t': 1703896980000, 'T': 1703897039999, 's': 'BNBUSDT', 'i': '1m', 'f': 1124029685, 'L': 1124029983, 'o': '313.980', 'c': '314.100', 'h': '314.120', 'l': '313.950', 'v': '338.07', 'n': 299, 'x': False, 'q': '106163.54820', 'V': '148.96', 'Q': '46779.17660', 'B': '0'}"
kline,1703897014781,ETHUSDT,"{'t': 1703896980000, 'T': 1703897039999, 's': 'ETHUSDT', 'i': '1m', 'f': 3475189083, 'L': 3475189464, 'o': '2304.80', 'c': '2304.41', 'h': '2304.80', 'l': '2304.23', 'v': '241.526', 'n': 382, 'x': False, 'q': '556573.27732', 'V': '154.928', 'Q': '357004.16613', 'B': '0'}"
kline,1703897014866,BTCUSDT,"{'t': 1703896980000, 'T': 1703897039999, 's': 'BTCUSDT', 'i': '1m', 'f': 4423097797, 'L': 4423098118, 'o': '42181.40', 'c': '42173.70', 'h': '42181.40', 'l': '42171.70', 'v': '18.335', 'n': 322, 'x': False, 'q': '773318.91960', 'V': '6.494', 'Q': '273886.84220', 'B': '0'}"
kline,1703897015390,ETHUSDT,"{'t': 1703896980000, 'T': 1703897039999, 's': 'ETHUSDT', 'i': '1m', 'f': 3475189083, 'L': 3475189466, 'o': '2304.80', 'c': '2304.41', 'h': '2304.80', 'l': '2304.23', 'v': '244.326', 'n': 384, 'x': False, 'q': '563025.64532', 'V': '156.928', 'Q': '361613.00613', 'B': '0'}"
kline,1703897015430,BNBUSDT,"{'t': 1703896980000, 'T': 1703897039999, 's': 'BNBUSDT', 'i': '1m', 'f': 1124029685, 'L': 1124029985, 'o': '313.980', 'c': '314.110', 'h': '314.120', 'l': '313.950', 'v': '341.04', 'n': 301, 'x': False, 'q': '107096.45490', 'V': '151.93', 'Q': '47712.08330', 'B': '0'}"
kline,1703897015803,BNBUSDT,"{'t': 1703896980000, 'T': 1703897039999, 's': 'BNBUSDT', 'i': '1m', 'f': 1124029685, 'L': 1124030018, 'o': '313.980', 'c': '314.130', 'h': '314.160', 'l': '313.950', 'v': '373.27', 'n': 334, 'x': False, 'q': '117220.91460', 'V': '184.05', 'Q': '57801.98870', 'B': '0'}"
kline,1703897015845,ETHUSDT,"{'t': 1703896980000, 'T': 1703897039999, 's': 'ETHUSDT', 'i': '1m', 'f': 3475189083, 'L': 3475189478, 'o': '2304.80', 'c': '2304.28', 'h': '2304.80', 'l': '2304.23', 'v': '303.854', 'n': 396, 'x': False, 'q': '700202.55444', 'V': '157.000', 'Q': '361778.91429', 'B': '0'}"
kline,1703897015970,BTCUSDT,"{'t': 1703896980000, 'T': 1703897039999, 's': 'BTCUSDT', 'i': '1m', 'f': 4423097797, 'L': 4423098120, 'o': '42181.40', 'c': '42173.70', 'h': '42181.40', 'l': '42171.70', 'v': '18.382', 'n': 324, 'x': False, 'q': '775301.08350', 'V': '6.541', 'Q': '275869.00610', 'B': '0'}"
kline,1703897016405,BTCUSDT,"{'t': 1703896980000, 'T': 1703897039999, 's': 'BTCUSDT', 'i': '1m', 'f': 4423097797, 'L': 4423098125, 'o': '42181.40', 'c': '42173.70', 'h': '42181.40', 'l': '42171.70', 'v': '18.565', 'n': 329, 'x': False, 'q': '783018.85490', 'V': '6.567', 'Q': '276965.52230', 'B': '0'}"
kline,1703897017475,BTCUSDT,"{'t': 1703896980000, 'T': 1703897039999, 's': 'BTCUSDT', 'i': '1m', 'f': 4423097797, 'L': 4423098126, 'o': '42181.40', 'c': '42173.70', 'h': '42181.40', 'l': '42171.70', 'v': '18.613', 'n': 330, 'x': False, 'q': '785043.19250', 'V': '6.615', 'Q': '278989.85990', 'B': '0'}"
kline,1703897017666,ETHUSDT,"{'t': 1703896980000, 'T': 1703897039999, 's': 'ETHUSDT', 'i': '1m', 'f': 3475189083, 'L': 3475189480, 'o': '2304.80', 'c': '2304.28', 'h': '2304.80', 'l': '2304.23', 'v': '305.614', 'n': 398, 'x': False, 'q': '704258.08714', 'V': '158.750', 'Q': '365811.40429', 'B': '0'}"
kline,1703897017815,BNBUSDT,"{'t': 1703896980000, 'T': 1703897039999, 's': 'BNBUSDT', 'i': '1m', 'f': 1124029685, 'L': 1124030024, 'o': '313.980', 'c': '314.100', 'h': '314.160', 'l': '313.950', 'v': '387.57', 'n': 340, 'x': False, 'q': '121712.70290', 'V': '184.05', 'Q': '57801.98870', 'B': '0'}"
kline,1703897018228,BTCUSDT,"{'t': 1703896980000, 'T': 1703897039999, 's': 'BTCUSDT', 'i': '1m', 'f': 4423097797, 'L': 4423098127, 'o': '42181.40', 'c': '42173.60', 'h': '42181.40', 'l': '42171.70', 'v': '18.617', 'n': 331, 'x': False, 'q': '785211.88690', 'V': '6.615', 'Q': '278989.85990', 'B': '0'}"
kline,1703897019140,BNBUSDT,"{'t': 1703896980000, 'T': 1703897039999, 's': 'BNBUSDT', 'i': '1m', 'f': 1124029685, 'L': 1124030034, 'o': '313.980', 'c': '314.100', 'h': '314.160', 'l': '313.950', 'v': '395.14', 'n': 350, 'x': False, 'q': '124090.43760', 'V': '184.09', 'Q': '57814.55270', 'B': '0'}"
kline,1703897020232,BTCUSDT,"{'t': 1703896980000, 'T': 1703897039999, 's': 'BTCUSDT', 'i': '1m', 'f': 4423097797, 'L': 4423098129, 'o': '42181.40', 'c': '42173.60', 'h': '42181.40', 'l': '42171.70', 'v': '19.391', 'n': 333, 'x': False, 'q': '817854.25330', 'V': '6.615', 'Q': '278989.85990', 'B': '0'}"
kline,1703897020587,BTCUSDT,"{'t': 1703896980000, 'T': 1703897039999, 's': 'BTCUSDT', 'i': '1m', 'f': 4423097797, 'L': 4423098131, 'o': '42181.40', 'c': '42173.60', 'h': '42181.40', 'l': '42171.70', 'v': '19.422', 'n': 335, 'x': False, 'q': '819161.63490', 'V': '6.615', 'Q': '278989.85990', 'B': '0'}"
kline,1703897020877,ETHUSDT,"{'t': 1703896980000, 'T': 1703897039999, 's': 'ETHUSDT', 'i': '1m', 'f': 3475189083, 'L': 3475189481, 'o': '2304.80', 'c': '2304.27', 'h': '2304.80', 'l': '2304.23', 'v': '305.626', 'n': 399, 'x': False, 'q': '704285.73838', 'V': '158.750', 'Q': '365811.40429', 'B': '0'}"
kline,1703897021183,BNBUSDT,"{'t': 1703896980000, 'T': 1703897039999, 's': 'BNBUSDT', 'i': '1m', 'f': 1124029685, 'L': 1124030036, 'o': '313.980', 'c': '314.110', 'h': '314.160', 'l': '313.950', 'v': '399.54', 'n': 352, 'x': False, 'q': '125472.51310', 'V': '188.49', 'Q': '59196.62820', 'B': '0'}"
kline,1703897021480,BTCUSDT,"{'t': 1703896980000, 'T': 1703897039999, 's': 'BTCUSDT', 'i': '1m', 'f': 4423097797, 'L': 4423098133, 'o': '42181.40', 'c': '42173.70', 'h': '42181.40', 'l': '42171.70', 'v': '19.445', 'n': 337, 'x': False, 'q': '820131.62800', 'V': '6.618', 'Q': '279116.38100', 'B': '0'}"
kline,1703897021527,ETHUSDT,"{'t': 1703896980000, 'T': 1703897039999, 's': 'ETHUSDT', 'i': '1m', 'f': 3475189083, 'L': 3475189482, 'o': '2304.80', 'c': '2304.28', 'h': '2304.80', 'l': '2304.23', 'v': '305.822', 'n': 400, 'x': False, 'q': '704737.37726', 'V': '158.946', 'Q': '366263.04317', 'B': '0'}"
kline,1703897021669,BNBUSDT,"{'t': 1703896980000, 'T': 1703897039999, 's': 'BNBUSDT', 'i': '1m', 'f': 1124029685, 'L': 1124030038, 'o': '313.980', 'c': '314.110', 'h': '314.160', 'l': '313.950', 'v': '410.43', 'n': 354, 'x': False, 'q': '128893.17100', 'V': '199.38', 'Q': '62617.28610', 'B': '0'}"
kline,1703897022239,ETHUSDT,"{'t': 1703896980000, 'T': 1703897039999, 's': 'ETHUSDT', 'i': '1m', 'f': 3475189083, 'L': 3475189484, 'o': '2304.80', 'c': '2304.27', 'h': '2304.80', 'l': '2304.23', 'v': '305.890', 'n': 402, 'x': False, 'q': '704894.06762', 'V': '158.946', 'Q': '366263.04317', 'B': '0'}"
kline,1703897022491,BTCUSDT,"{'t': 1703896980000, 'T': 1703897039999, 's': 'BTCUSDT', 'i': '1m', 'f': 4423097797, 'L': 4423098134, 'o': '42181.40', 'c': '42173.60', 'h': '42181.40', 'l': '42171.70', 'v': '19.448', 'n': 338, 'x': False, 'q': '820258.14880', 'V': '6.618', 'Q': '279116.38100', 'B': '0'}"
kline,1703897023133,BTCUSDT,"{'t': 1703896980000, 'T': 1703897039999, 's': 'BTCUSDT', 'i': '1m', 'f': 4423097797, 'L': 4423098135, 'o': '42181.40', 'c': '42173.60', 'h': '42181.40', 'l': '42171.70', 'v': '19.498', 'n': 339, 'x': False, 'q': '822366.82880', 'V': '6.618', 'Q': '279116.38100', 'B': '0'}"
kline,1703897023684,ETHUSDT,"{'t': 1703896980000, 'T': 1703897039999, 's': 'ETHUSDT', 'i': '1m', 'f': 3475189083, 'L': 3475189486, 'o': '2304.80', 'c': '2304.27', 'h': '2304.80', 'l': '2304.23', 'v': '305.977', 'n': 404, 'x': False, 'q': '705094.53911', 'V': '158.946', 'Q': '366263.04317', 'B': '0'}"
kline,1703897023974,BNBUSDT,"{'t': 1703896980000, 'T': 1703897039999, 's': 'BNBUSDT', 'i': '1m', 'f': 1124029685, 'L': 1124030063, 'o': '313.980', 'c': '314.070', 'h': '314.160', 'l': '313.950', 'v': '458.39', 'n': 379, 'x': False, 'q': '143956.93800', 'V': '200.18', 'Q': '62868.54210', 'B': '0'}"
kline,1703897024111,ETHUSDT,"{'t': 1703896980000, 'T': 1703897039999, 's': 'ETHUSDT', 'i': '1m', 'f': 3475189083, 'L': 3475189488, 'o': '2304.80', 'c': '2304.27', 'h': '2304.80', 'l': '2304.23', 'v': '306.858', 'n': 406, 'x': False, 'q': '707124.60965', 'V': '159.813', 'Q': '368260.85393', 'B': '0'}"
kline,1703897024712,ETHUSDT,"{'t': 1703896980000, 'T': 1703897039999, 's': 'ETHUSDT', 'i': '1m', 'f': 3475189083, 'L': 3475189490, 'o': '2304.80', 'c': '2304.28', 'h': '2304.80', 'l': '2304.23', 'v': '306.904', 'n': 408, 'x': False, 'q': '707230.60616', 'V': '159.822', 'Q': '368281.59245', 'B': '0'}"
kline,1703897025228,BNBUSDT,"{'t': 1703896980000, 'T': 1703897039999, 's': 'BNBUSDT', 'i': '1m', 'f': 1124029685, 'L': 1124030076, 'o': '313.980', 'c': '314.100', 'h': '314.160', 'l': '313.950', 'v': '466.59', 'n': 392, 'x': False, 'q': '146532.47510', 'V': '208.38', 'Q': '65444.07920', 'B': '0'}"
kline,1703897025663,ETHUSDT,"{'t': 1703896980000, 'T': 1703897039999, 's': 'ETHUSDT', 'i': '1m', 'f': 3475189083, 'L': 3475189491, 'o': '2304.80', 'c': '2304.27', 'h': '2304.80', 'l': '2304.23', 'v': '306.934', 'n': 409, 'x': False, 'q': '707299.73426', 'V': '159.822', 'Q': '368281.59245', 'B': '0'}"
kline,1703897026026,BTCUSDT,"{'t': 1703896980000, 'T': 1703897039999, 's': 'BTCUSDT', 'i': '1m', 'f': 4423097797, 'L': 4423098136, 'o': '42181.40', 'c': '42173.70', 'h': '42181.40', 'l': '42171.70', 'v': '19.501', 'n': 340, 'x': False, 'q': '822493.34990', 'V': '6.621', 'Q': '279242.90210', 'B': '0'}"
kline,1703897026276,ETHUSDT,"{'t': 1703896980000, 'T': 1703897039999, 's': 'ETHUSDT', 'i': '1m', 'f': 3475189083, 'L': 3475189492, 'o': '2304.80', 'c': '2304.27', 'h': '2304.80', 'l': '2304.23', 'v': '306.968', 'n': 410, 'x': False, 'q': '707378.07944', 'V': '159.822', 'Q': '368281.59245', 'B': '0'}"
kline,1703897026440,BNBUSDT,"{'t': 1703896980000, 'T': 1703897039999, 's': 'BNBUSDT', 'i': '1m', 'f': 1124029685, 'L': 1124030078, 'o': '313.980', 'c': '314.090', 'h': '314.160', 'l': '313.950', 'v': '469.58', 'n': 394, 'x': False, 'q': '147471.60420', 'V': '208.38', 'Q': '65444.07920', 'B': '0'}"
kline,1703897026647,ETHUSDT,"{'t': 1703896980000, 'T': 1703897039999, 's': 'ETHUSDT', 'i': '1m', 'f': 3475189083, 'L': 3475189496, 'o': '2304.80', 'c': '2304.28', 'h': '2304.80', 'l': '2304.23', 'v': '307.339', 'n': 414, 'x': False, 'q': '708232.96475', 'V': '159.936', 'Q': '368544.28037', 'B': '0'}"
kline,1703897026653,BTCUSDT,"{'t': 1703896980000, 'T': 1703897039999, 's': 'BTCUSDT', 'i': '1m', 'f': 4423097797, 'L': 4423098138, 'o': '42181.40', 'c': '42173.60', 'h': '42181.40', 'l': '42171.70', 'v': '19.678', 'n': 342, 'x': False, 'q': '829958.07710', 'V': '6.621', 'Q': '279242.90210', 'B': '0'}"
kline,1703897027112,BTCUSDT,"{'t': 1703896980000, 'T': 1703897039999, 's': 'BTCUSDT', 'i': '1m', 'f': 4423097797, 'L': 4423098166, 'o': '42181.40', 'c': '42175.60', 'h': '42181.40', 'l': '42171.70', 'v': '20.311', 'n': 370, 'x': False, 'q': '856654.17040', 'V': '6.921', 'Q': '291895.15860', 'B': '0'}"
kline,1703897027341,ETHUSDT,"{'t': 1703896980000, 'T': 1703897039999, 's': 'ETHUSDT', 'i': '1m', 'f': 3475189083, 'L': 3475189497, 'o': '2304.80', 'c': '2304.27', 'h': '2304.80', 'l': '2304.23', 'v': '307.416', 'n': 415, 'x': False, 'q': '708410.39354', 'V': '159.936', 'Q': '368544.28037', 'B': '0'}"
kline,1703897027561,BTCUSDT,"{'t': 1703896980000, 'T': 1703897039999, 's': 'BTCUSDT', 'i': '1m', 'f': 4423097797, 'L': 4423098174, 'o': '42181.40', 'c': '42175.60', 'h': '42181.40', 'l': '42171.70', 'v': '20.466', 'n': 378, 'x': False, 'q': '863191.39050', 'V': '6.942', 'Q': '292780.84830', 'B': '0'}"
kline,1703897027746,ETHUSDT,"{'t': 1703896980000, 'T': 1703897039999, 's': 'ETHUSDT', 'i': '1m', 'f': 3475189083, 'L': 3475189508, 'o': '2304.80', 'c': '2304.27', 'h': '2304.80', 'l': '2304.23', 'v': '314.303', 'n': 426, 'x': False, 'q': '724279.90129', 'V': '159.962', 'Q': '368604.19165', 'B': '0'}"
kline,1703897027787,BNBUSDT,"{'t': 1703896980000, 'T': 1703897039999, 's': 'BNBUSDT', 'i': '1m', 'f': 1124029685, 'L': 1124030079, 'o': '313.980', 'c': '314.090', 'h': '314.160', 'l': '313.950', 'v': '475.35', 'n': 395, 'x': False, 'q': '149283.90350', 'V': '208.38', 'Q': '65444.07920', 'B': '0'}"
kline,1703897028091,BTCUSDT,"{'t': 1703896980000, 'T': 1703897039999, 's': 'BTCUSDT', 'i': '1m', 'f': 4423097797, 'L': 4423098176, 'o': '42181.40', 'c': '42175.60', 'h': '42181.40', 'l': '42171.70', 'v': '21.570', 'n': 380, 'x': False, 'q': '909753.25290', 'V': '6.942', 'Q': '292780.84830', 'B': '0'}"
kline,1703897028264,ETHUSDT,"{'t': 1703896980000, 'T': 1703897039999, 's': 'ETHUSDT', 'i': '1m', 'f': 3475189083, 'L': 3475189509, 'o': '2304.80', 'c': '2304.27', 'h': '2304.80', 'l': '2304.23', 'v': '314.313', 'n': 427, 'x': False, 'q': '724302.94399', 'V': '159.962', 'Q': '368604.19165', 'B': '0'}"
kline,1703897028908,BTCUSDT,"{'t': 1703896980000, 'T': 1703897039999, 's': 'BTCUSDT', 'i': '1m', 'f': 4423097797, 'L': 4423098180, 'o': '42181.40', 'c': '42175.70', 'h': '42181.40', 'l': '42171.70', 'v': '21.739', 'n': 384, 'x': False, 'q': '916880.93320', 'V': '6.981', 'Q': '294425.70060', 'B': '0'}"
kline,1703897028926,ETHUSDT,"{'t': 1703896980000, 'T': 1703897039999, 's': 'ETHUSDT', 'i': '1m', 'f': 3475189083, 'L': 3475189512, 'o': '2304.80', 'c': '2304.28', 'h': '2304.80', 'l': '2304.23', 'v': '314.999', 'n': 430, 'x': False, 'q': '725883.67957', 'V': '160.598', 'Q': '370069.71373', 'B': '0'}"
kline,1703897029230,BTCUSDT,"{'t': 1703896980000, 'T': 1703897039999, 's': 'BTCUSDT', 'i': '1m', 'f': 4423097797, 'L': 4423098183, 'o': '42181.40', 'c': '42175.60', 'h': '42181.40', 'l': '42171.70', 'v': '21.755', 'n': 387, 'x': False, 'q': '917555.74340', 'V': '6.987', 'Q': '294678.75480', 'B': '0'}"
kline,1703897029485,ETHUSDT,"{'t': 1703896980000, 'T': 1703897039999, 's': 'ETHUSDT', 'i': '1m', 'f': 3475189083, 'L': 3475189513, 'o': '2304.80', 'c': '2304.28', 'h': '2304.80', 'l': '2304.23', 'v': '319.314', 'n': 431, 'x': False, 'q': '735826.64777', 'V': '164.913', 'Q': '380012.68193', 'B': '0'}"
kline,1703897030126,BTCUSDT,"{'t': 1703896980000, 'T': 1703897039999, 's': 'BTCUSDT', 'i': '1m', 'f': 4423097797, 'L': 4423098185, 'o': '42181.40', 'c': '42175.60', 'h': '42181.40', 'l': '42171.70', 'v': '21.761', 'n': 389, 'x': False, 'q': '917808.79730', 'V': '6.990', 'Q': '294805.28190', 'B': '0'}"
kline,1703897030169,ETHUSDT,"{'t': 1703896980000, 'T': 1703897039999, 's': 'ETHUSDT', 'i': '1m', 'f': 3475189083, 'L': 3475189515, 'o': '2304.80', 'c': '2304.27', 'h': '2304.80', 'l': '2304.23', 'v': '319.781', 'n': 433, 'x': False, 'q': '736902.74186', 'V': '164.913', 'Q': '380012.68193', 'B': '0'}"
kline,1703897031110,ETHUSDT,"{'t': 1703896980000, 'T': 1703897039999, 's': 'ETHUSDT', 'i': '1m', 'f': 3475189083, 'L': 3475189517, 'o': '2304.80', 'c': '2304.27', 'h': '2304.80', 'l': '2304.23', 'v': '319.970', 'n': 435, 'x': False, 'q': '737338.24889', 'V': '164.913', 'Q': '380012.68193', 'B': '0'}"
kline,1703897031182,BTCUSDT,"{'t': 1703896980000, 'T': 1703897039999, 's': 'BTCUSDT', 'i': '1m', 'f': 4423097797, 'L': 4423098217, 'o': '42181.40', 'c': '42175.70', 'h': '42181.40', 'l': '42171.70', 'v': '25.623', 'n': 421, 'x': False, 'q': '1080690.96560', 'V': '7.001', 'Q': '295269.21460', 'B': '0'}"
kline,1703897031603,BTCUSDT,"{'t': 1703896980000, 'T': 1703897039999, 's': 'BTCUSDT', 'i': '1m', 'f': 4423097797, 'L': 4423098218, 'o': '42181.40', 'c': '42175.60', 'h': '42181.40', 'l': '42171.70', 'v': '25.666', 'n': 422, 'x': False, 'q': '1082504.51640', 'V': '7.001', 'Q': '295269.21460', 'B': '0'}"
kline,1703897031657,ETHUSDT,"{'t': 1703896980000, 'T': 1703897039999, 's': 'ETHUSDT', 'i': '1m', 'f': 3475189083, 'L': 3475189520, 'o': '2304.80', 'c': '2304.28', 'h': '2304.80', 'l': '2304.23', 'v': '320.559', 'n': 438, 'x': False, 'q': '738695.46435', 'V': '164.956', 'Q': '380111.76597', 'B': '0'}"
kline,1703897032068,BTCUSDT,"{'t': 1703896980000, 'T': 1703897039999, 's': 'BTCUSDT', 'i': '1m', 'f': 4423097797, 'L': 4423098225, 'o': '42181.40', 'c': '42175.70', 'h': '42181.40', 'l': '42171.70', 'v': '25.899', 'n': 429, 'x': False, 'q': '1092331.44540', 'V': '7.143', 'Q': '301258.16400', 'B': '0'}"
kline,1703897032224,ETHUSDT,"{'t': 1703896980000, 'T': 1703897039999, 's': 'ETHUSDT', 'i': '1m', 'f': 3475189083, 'L': 3475189522, 'o': '2304.80', 'c': '2304.27', 'h': '2304.80', 'l': '2304.23', 'v': '320.628', 'n': 440, 'x': False, 'q': '738854.45898', 'V': '164.956', 'Q': '380111.76597', 'B': '0'}"
kline,1703897032287,BNBUSDT,"{'t': 1703896980000, 'T': 1703897039999, 's': 'BNBUSDT', 'i': '1m', 'f': 1124029685, 'L': 1124030155, 'o': '313.980', 'c': '313.990', 'h': '314.160', 'l': '313.930', 'v': '686.87', 'n': 471, 'x': False, 'q': '215705.65450', 'V': '210.40', 'Q': '66078.21780', 'B': '0'}"
kline,1703897032381,BTCUSDT,"{'t': 1703896980000, 'T': 1703897039999, 's': 'BTCUSDT', 'i': '1m', 'f': 4423097797, 'L': 4423098226, 'o': '42181.40', 'c': '42175.60', 'h': '42181.40', 'l': '42171.70', 'v': '25.900', 'n': 430, 'x': False, 'q': '1092373.62100', 'V': '7.143', 'Q': '301258.16400', 'B': '0'}"
kline,1703897032617,BNBUSDT,"{'t': 1703896980000, 'T': 1703897039999, 's': 'BNBUSDT', 'i': '1m', 'f': 1124029685, 'L': 1124030162, 'o': '313.980', 'c': '313.980', 'h': '314.160', 'l': '313.930', 'v': '690.01', 'n': 478, 'x': False, 'q': '216691.58080', 'V': '210.40', 'Q': '66078.21780', 'B': '0'}"
kline,1703897032678,ETHUSDT,"{'t': 1703896980000, 'T': 1703897039999, 's': 'ETHUSDT', 'i': '1m', 'f': 3475189083, 'L': 3475189525, 'o': '2304.80', 'c': '2304.27', 'h': '2304.80', 'l': '2304.23', 'v': '320.929', 'n': 443, 'x': False, 'q': '739548.04654', 'V': '165.185', 'Q': '380639.44609', 'B': '0'}"
kline,1703897033023,BTCUSDT,"{'t': 1703896980000, 'T': 1703897039999, 's': 'BTCUSDT', 'i': '1m', 'f': 4423097797, 'L': 4423098238, 'o': '42181.40', 'c': '42175.60', 'h': '42181.40', 'l': '42171.70', 'v': '27.156', 'n': 442, 'x': False, 'q': '1145346.17500', 'V': '7.147', 'Q': '301426.86680', 'B': '0'}"
kline,1703897033255,BNBUSDT,"{'t': 1703896980000, 'T': 1703897039999, 's': 'BNBUSDT', 'i': '1m', 'f': 1124029685, 'L': 1124030170, 'o': '313.980', 'c': '313.940', 'h': '314.160', 'l': '313.930', 'v': '691.43', 'n': 486, 'x': False, 'q': '217137.40150', 'V': '211.31', 'Q': '66363.91230', 'B': '0'}"
kline,1703897033265,ETHUSDT,"{'t': 1703896980000, 'T': 1703897039999, 's': 'ETHUSDT', 'i': '1m', 'f': 3475189083, 'L': 3475189527, 'o': '2304.80', 'c': '2304.28', 'h': '2304.80', 'l': '2304.23', 'v': '321.405', 'n': 445, 'x': False, 'q': '740644.87948', 'V': '165.227', 'Q': '380736.22585', 'B': '0'}"
kline,1703897033662,ETHUSDT,"{'t': 1703896980000, 'T': 1703897039999, 's': 'ETHUSDT', 'i': '1m', 'f': 3475189083, 'L': 3475189528, 'o': '2304.80', 'c': '2304.27', 'h': '2304.80', 'l': '2304.23', 'v': '321.436', 'n': 446, 'x': False, 'q': '740716.31185', 'V': '165.227', 'Q': '380736.22585', 'B': '0'}"
kline,1703897034055,ETHUSDT,"{'t': 1703896980000, 'T': 1703897039999, 's': 'ETHUSDT', 'i': '1m', 'f': 3475189083, 'L': 3475189529, 'o': '2304.80', 'c': '2304.28', 'h': '2304.80', 'l': '2304.23', 'v': '321.446', 'n': 447, 'x': False, 'q': '740739.35465', 'V': '165.237', 'Q': '380759.26865', 'B': '0'}"
kline,1703897034059,BNBUSDT,"{'t': 1703896980000, 'T': 1703897039999, 's': 'BNBUSDT', 'i': '1m', 'f': 1124029685, 'L': 1124030172, 'o': '313.980', 'c': '313.900', 'h': '314.160', 'l': '313.900', 'v': '691.62', 'n': 488, 'x': False, 'q': '217197.04890', 'V': '211.31', 'Q': '66363.91230', 'B': '0'}"
kline,1703897034311,BNBUSDT,"{'t': 1703896980000, 'T': 1703897039999, 's': 'BNBUSDT', 'i': '1m', 'f': 1124029685, 'L': 1124030184, 'o': '313.980', 'c': '313.890', 'h': '314.160', 'l': '313.890', 'v': '705.79', 'n': 500, 'x': False, 'q': '221645.00810', 'V': '211.69', 'Q': '66483.19050', 'B': '0'}"
kline,1703897034383,ETHUSDT,"{'t': 1703896980000, 'T': 1703897039999, 's': 'ETHUSDT', 'i': '1m', 'f': 3475189083, 'L': 3475189531, 'o': '2304.80', 'c': '2304.27', 'h': '2304.80', 'l': '2304.23', 'v': '321.496', 'n': 449, 'x': False, 'q': '740854.56815', 'V': '165.237', 'Q': '380759.26865', 'B': '0'}"
kline,1703897035055,ETHUSDT,"{'t': 1703896980000, 'T': 1703897039999, 's': 'ETHUSDT', 'i': '1m', 'f': 3475189083, 'L': 3475189532, 'o': '2304.80', 'c': '2304.28', 'h': '2304.80', 'l': '2304.23', 'v': '321.520', 'n': 450, 'x': False, 'q': '740909.87087', 'V': '165.261', 'Q': '380814.57137', 'B': '0'}"
kline,1703897035194,BTCUSDT,"{'t': 1703896980000, 'T': 1703897039999, 's': 'BTCUSDT', 'i': '1m', 'f': 4423097797, 'L': 4423098239, 'o': '42181.40', 'c': '42175.70', 'h': '42181.40', 'l': '42171.70', 'v': '27.187', 'n': 443, 'x': False, 'q': '1146653.62170', 'V': '7.178', 'Q': '302734.31350', 'B': '0'}"
kline,1703897035377,ETHUSDT,"{'t': 1703896980000, 'T': 1703897039999, 's': 'ETHUSDT', 'i': '1m', 'f': 3475189083, 'L': 3475189533, 'o': '2304.80', 'c': '2304.28', 'h': '2304.80', 'l': '2304.23', 'v': '321.642', 'n': 451, 'x': False, 'q': '741190.99303', 'V': '165.383', 'Q': '381095.69353', 'B': '0'}"
kline,1703897035546,BTCUSDT,"{'t': 1703896980000, 'T': 1703897039999, 's': 'BTCUSDT', 'i': '1m', 'f': 4423097797, 'L': 4423098242, 'o': '42181.40', 'c': '42175.60', 'h': '42181.40', 'l': '42171.70', 'v': '27.213', 'n': 446, 'x': False, 'q': '1147750.18730', 'V': '7.178', 'Q': '302734.31350', 'B': '0'}"
kline,1703897035596,BNBUSDT,"{'t': 1703896980000, 'T': 1703897039999, 's': 'BNBUSDT', 'i': '1m', 'f': 1124029685, 'L': 1124030192, 'o': '313.980', 'c': '313.900', 'h': '314.160', 'l': '313.890', 'v': '719.41', 'n': 508, 'x': False, 'q': '225920.20280', 'V': '225.31', 'Q': '70758.38520', 'B': '0'}"
kline,1703897035725,ETHUSDT,"{'t': 1703896980000, 'T': 1703897039999, 's': 'ETHUSDT', 'i': '1m', 'f': 3475189083, 'L': 3475189534, 'o': '2304.80', 'c': '2304.27', 'h': '2304.80', 'l': '2304.23', 'v': '321.673', 'n': 452, 'x': False, 'q': '741262.42540', 'V': '165.383', 'Q': '381095.69353', 'B': '0'}"
kline,1703897035806,BTCUSDT,"{'t': 1703896980000, 'T': 1703897039999, 's': 'BTCUSDT', 'i': '1m', 'f': 4423097797, 'L': 4423098244, 'o': '42181.40', 'c': '42175.60', 'h': '42181.40', 'l': '42171.70', 'v': '27.294', 'n': 448, 'x': False, 'q': '1151166.41090', 'V': '7.178', 'Q': '302734.31350', 'B': '0'}"
kline,1703897036135,BTCUSDT,"{'t': 1703896980000, 'T': 1703897039999, 's': 'BTCUSDT', 'i': '1m', 'f': 4423097797, 'L': 4423098248, 'o': '42181.40', 'c': '42175.70', 'h': '42181.40', 'l': '42171.70', 'v': '27.627', 'n': 452, 'x': False, 'q': '1165210.91340', 'V': '7.455', 'Q': '314416.98240', 'B': '0'}"
kline,1703897036340,ETHUSDT,"{'t': 1703896980000, 'T': 1703897039999, 's': 'ETHUSDT', 'i': '1m', 'f': 3475189083, 'L': 3475189537, 'o': '2304.80', 'c': '2304.27', 'h': '2304.80', 'l': '2304.23', 'v': '321.729', 'n': 455, 'x': False, 'q': '741391.46462', 'V': '165.393', 'Q': '381118.73633', 'B': '0'}"
kline,1703897036570,BTCUSDT,"{'t': 1703896980000, 'T': 1703897039999, 's': 'BTCUSDT', 'i': '1m', 'f': 4423097797, 'L': 4423098251, 'o': '42181.40', 'c': '42175.60', 'h': '42181.40', 'l': '42171.70', 'v': '27.730', 'n': 455, 'x': False, 'q': '1169555.00020', 'V': '7.455', 'Q': '314416.98240', 'B': '0'}"
kline,1703897036669,ETHUSDT,"{'t': 1703896980000, 'T': 1703897039999, 's': 'ETHUSDT', 'i': '1m', 'f': 3475189083, 'L': 3475189538, 'o': '2304.80', 'c': '2304.27', 'h': '2304.80', 'l': '2304.23', 'v': '325.759', 'n': 456, 'x': False, 'q': '750677.67272', 'V': '165.393', 'Q': '381118.73633', 'B': '0'}"
kline,1703897036838,BNBUSDT,"{'t': 1703896980000, 'T': 1703897039999, 's': 'BNBUSDT', 'i': '1m', 'f': 1124029685, 'L': 1124030193, 'o': '313.980', 'c': '313.890', 'h': '314.160', 'l': '313.890', 'v': '719.55', 'n': 509, 'x': False, 'q': '225964.14740', 'V': '225.31', 'Q': '70758.38520', 'B': '0'}"
kline,1703897037021,BTCUSDT,"{'t': 1703896980000, 'T': 1703897039999, 's': 'BTCUSDT', 'i': '1m', 'f': 4423097797, 'L': 4423098257, 'o': '42181.40', 'c': '42175.60', 'h': '42181.40', 'l': '42171.70', 'v': '28.390', 'n': 461, 'x': False, 'q': '1197390.89620', 'V': '7.455', 'Q': '314416.98240', 'B': '0'}"
kline,1703897037122,ETHUSDT,"{'t': 1703896980000, 'T': 1703897039999, 's': 'ETHUSDT', 'i': '1m', 'f': 3475189083, 'L': 3475189544, 'o': '2304.80', 'c': '2304.27', 'h': '2304.80', 'l': '2304.23', 'v': '331.750', 'n': 462, 'x': False, 'q': '764482.55429', 'V': '165.393', 'Q': '381118.73633', 'B': '0'}"
kline,1703897037276,BTCUSDT,"{'t': 1703896980000, 'T': 1703897039999, 's': 'BTCUSDT', 'i': '1m', 'f': 4423097797, 'L': 4423098271, 'o': '42181.40', 'c': '42172.80', 'h': '42181.40', 'l': '42171.70', 'v': '29.162', 'n': 475, 'x': False, 'q': '1229949.03900', 'V': '7.455', 'Q': '314416.98240', 'B': '0'}"
kline,1703897037684,ETHUSDT,"{'t': 1703896980000, 'T': 1703897039999, 's': 'ETHUSDT', 'i': '1m', 'f': 3475189083, 'L': 3475189548, 'o': '2304.80', 'c': '2304.27', 'h': '2304.80', 'l': '2304.23', 'v': '332.463', 'n': 466, 'x': False, 'q': '766125.49880', 'V': '165.393', 'Q': '381118.73633', 'B': '0'}"
kline,1703897037924,BTCUSDT,"{'t': 1703896980000, 'T': 1703897039999, 's': 'BTCUSDT', 'i': '1m', 'f': 4423097797, 'L': 4423098273, 'o': '42181.40', 'c': '42172.90', 'h': '42181.40', 'l': '42171.70', 'v': '30.077', 'n': 477, 'x': False, 'q': '1268537.24220', 'V': '8.367', 'Q': '352878.66720', 'B': '0'}"
kline,1703897038208,BTCUSDT,"{'t': 1703896980000, 'T': 1703897039999, 's': 'BTCUSDT', 'i': '1m', 'f': 4423097797, 'L': 4423098275, 'o': '42181.40', 'c': '42172.90', 'h': '42181.40', 'l': '42171.70', 'v': '30.369', 'n': 479, 'x': False, 'q': '1280851.72900', 'V': '8.659', 'Q': '365193.15400', 'B': '0'}"
kline,1703897038309,ETHUSDT,"{'t': 1703896980000, 'T': 1703897039999, 's': 'ETHUSDT', 'i': '1m', 'f': 3475189083, 'L': 3475189550, 'o': '2304.80', 'c': '2304.27', 'h': '2304.80', 'l': '2304.23', 'v': '332.600', 'n': 468, 'x': False, 'q': '766441.18379', 'V': '165.393', 'Q': '381118.73633', 'B': '0'}"
kline,1703897038678,ETHUSDT,"{'t': 1703896980000, 'T': 1703897039999, 's': 'ETHUSDT', 'i': '1m', 'f': 3475189083, 'L': 3475189552, 'o': '2304.80', 'c': '2304.27', 'h': '2304.80', 'l': '2304.23', 'v': '332.951', 'n': 470, 'x': False, 'q': '767249.98256', 'V': '165.393', 'Q': '381118.73633', 'B': '0'}"
kline,1703897038905,BTCUSDT,"{'t': 1703896980000, 'T': 1703897039999, 's': 'BTCUSDT', 'i': '1m', 'f': 4423097797, 'L': 4423098278, 'o': '42181.40', 'c': '42172.80', 'h': '42181.40', 'l': '42171.70', 'v': '30.494', 'n': 482, 'x': False, 'q': '1286123.32900', 'V': '8.659', 'Q': '365193.15400', 'B': '0'}"
kline,1703897039653,ETHUSDT,"{'t': 1703896980000, 'T': 1703897039999, 's': 'ETHUSDT', 'i': '1m', 'f': 3475189083, 'L': 3475189556, 'o': '2304.80', 'c': '2304.27', 'h': '2304.80', 'l': '2304.23', 'v': '337.830', 'n': 474, 'x': False, 'q': '778492.51589', 'V': '165.393', 'Q': '381118.73633', 'B': '0'}"
kline,1703897040024,ETHUSDT,"{'t': 1703896980000, 'T': 1703897039999, 's': 'ETHUSDT', 'i': '1m', 'f': 3475189083, 'L': 3475189557, 'o': '2304.80', 'c': '2304.27', 'h': '2304.80', 'l': '2304.23', 'v': '337.853', 'n': 475, 'x': True, 'q': '778545.51410', 'V': '165.393', 'Q': '381118.73633', 'B': '0'}"
kline,1703897040176,BTCUSDT,"{'t': 1703896980000, 'T': 1703897039999, 's': 'BTCUSDT', 'i': '1m', 'f': 4423097797, 'L': 4423098278, 'o': '42181.40', 'c': '42172.80', 'h': '42181.40', 'l': '42171.70', 'v': '30.494', 'n': 482, 'x': True, 'q': '1286123.32900', 'V': '8.659', 'Q': '365193.15400', 'B': '0'}"
kline,1703897040369,ETHUSDT,"{'t': 1703897040000, 'T': 1703897099999, 's': 'ETHUSDT', 'i': '1m', 'f': 3475189558, 'L': 3475189562, 'o': '2304.27', 'c': '2304.27', 'h': '2304.27', 'l': '2304.27', 'v': '0.093', 'n': 5, 'x': False, 'q': '214.29711', 'V': '0', 'Q': '0', 'B': '0'}"
kline,1703897040629,ETHUSDT,"{'t': 1703897040000, 'T': 1703897099999, 's': 'ETHUSDT', 'i': '1m', 'f': 3475189558, 'L': 3475189564, 'o': '2304.27', 'c': '2304.27', 'h': '2304.28', 'l': '2304.27', 'v': '1.387', 'n': 7, 'x': False, 'q': '3196.02849', 'V': '0.600', 'Q': '1382.56800', 'B': '0'}"
kline,1703897040682,BTCUSDT,"{'t': 1703897040000, 'T': 1703897099999, 's': 'BTCUSDT', 'i': '1m', 'f': 4423098279, 'L': 4423098280, 'o': '42172.80', 'c': '42172.80', 'h': '42172.80', 'l': '42172.80', 'v': '0.008', 'n': 2, 'x': False, 'q': '337.38240', 'V': '0', 'Q': '0', 'B': '0'}"
kline,1703897040862,BNBUSDT,"{'t': 1703896980000, 'T': 1703897039999, 's': 'BNBUSDT', 'i': '1m', 'f': 1124029685, 'L': 1124030193, 'o': '313.980', 'c': '313.890', 'h': '314.160', 'l': '313.890', 'v': '719.55', 'n': 509, 'x': True, 'q': '225964.14740', 'V': '225.31', 'Q': '70758.38520', 'B': '0'}"
kline,1703897040962,BTCUSDT,"{'t': 1703897040000, 'T': 1703897099999, 's': 'BTCUSDT', 'i': '1m', 'f': 4423098279, 'L': 4423098283, 'o': '42172.80', 'c': '42172.80', 'h': '42172.90', 'l': '42172.80', 'v': '0.049', 'n': 5, 'x': False, 'q': '2066.46830', 'V': '0.011', 'Q': '463.90190', 'B': '0'}"
kline,1703897041173,ETHUSDT,"{'t': 1703897040000, 'T': 1703897099999, 's': 'ETHUSDT', 'i': '1m', 'f': 3475189558, 'L': 3475189567, 'o': '2304.27', 'c': '2304.27', 'h': '2304.28', 'l': '2304.27', 'v': '2.053', 'n': 10, 'x': False, 'q': '4730.67231', 'V': '0.650', 'Q': '1497.78150', 'B': '0'}"
kline,1703897041225,BTCUSDT,"{'t': 1703897040000, 'T': 1703897099999, 's': 'BTCUSDT', 'i': '1m', 'f': 4423098279, 'L': 4423098333, 'o': '42172.80', 'c': '42166.80', 'h': '42172.90', 'l': '42166.80', 'v': '3.242', 'n': 55, 'x': False, 'q': '136721.15320', 'V': '0.011', 'Q': '463.90190', 'B': '0'}"
kline,1703897041424,ETHUSDT,"{'t': 1703897040000, 'T': 1703897099999, 's': 'ETHUSDT', 'i': '1m', 'f': 3475189558, 'L': 3475189570, 'o': '2304.27', 'c': '2304.26', 'h': '2304.28', 'l': '2304.26', 'v': '7.707', 'n': 13, 'x': False, 'q': '17759.01480', 'V': '6.295', 'Q': '14505.38565', 'B': '0'}"
kline,1703897041477,BTCUSDT,"{'t': 1703897040000, 'T': 1703897099999, 's': 'BTCUSDT', 'i': '1m', 'f': 4423098279, 'L': 4423098339, 'o': '42172.80', 'c': '42166.50', 'h': '42172.90', 'l': '42166.50', 'v': '3.276', 'n': 61, 'x': False, 'q': '138154.82080', 'V': '0.015', 'Q': '632.56790', 'B': '0'}"
kline,1703897041709,ETHUSDT,"{'t': 1703897040000, 'T': 1703897099999, 's': 'ETHUSDT', 'i': '1m', 'f': 3475189558, 'L': 3475189578, 'o': '2304.27', 'c': '2304.16', 'h': '2304.28', 'l': '2304.16', 'v': '8.626', 'n': 21, 'x': False, 'q': '19876.55651', 'V': '6.295', 'Q': '14505.38565', 'B': '0'}"
kline,1703897042012,BTCUSDT,"{'t': 1703897040000, 'T': 1703897099999, 's': 'BTCUSDT', 'i': '1m', 'f': 4423098279, 'L': 4423098356, 'o': '42172.80', 'c': '42166.30', 'h': '42172.90', 'l': '42166.30', 'v': '3.561', 'n': 78, 'x': False, 'q': '150172.23720', 'V': '0.088', 'Q': '3710.71510', 'B': '0'}"
kline,1703897042157,ETHUSDT,"{'t': 1703897040000, 'T': 1703897099999, 's': 'ETHUSDT', 'i': '1m', 'f': 3475189558, 'L': 3475189582, 'o': '2304.27', 'c': '2304.16', 'h': '2304.28', 'l': '2304.16', 'v': '10.609', 'n': 25, 'x': False, 'q': '24445.70579', 'V': '6.299', 'Q': '14514.60229', 'B': '0'}"
kline,1703897042432,BTCUSDT,"{'t': 1703897040000, 'T': 1703897099999, 's': 'BTCUSDT', 'i': '1m', 'f': 4423098279, 'L': 4423098384, 'o': '42172.80', 'c': '42164.70', 'h': '42172.90', 'l': '42164.60', 'v': '5.962', 'n': 106, 'x': False, 'q': '251413.61470', 'V': '2.189', 'Q': '92302.28240', 'B': '0'}"
kline,1703897042662,BNBUSDT,"{'t': 1703897040000, 'T': 1703897099999, 's': 'BNBUSDT', 'i': '1m', 'f': 1124030194, 'L': 1124030212, 'o': '313.900', 'c': '313.850', 'h': '313.900', 'l': '313.850', 'v': '8.32', 'n': 19, 'x': False, 'q': '2611.54160', 'V': '1.27', 'Q': '398.65300', 'B': '0'}"
kline,1703897042673,ETHUSDT,"{'t': 1703897040000, 'T': 1703897099999, 's': 'ETHUSDT', 'i': '1m', 'f': 3475189558, 'L': 3475189584, 'o': '2304.27', 'c': '2304.15', 'h': '2304.28', 'l': '2304.15', 'v': '10.737', 'n': 27, 'x': False, 'q': '24740.63699', 'V': '6.299', 'Q': '14514.60229', 'B': '0'}"
kline,1703897042687,BTCUSDT,"{'t': 1703897040000, 'T': 1703897099999, 's': 'BTCUSDT', 'i': '1m', 'f': 4423098279, 'L': 4423098385, 'o': '42172.80', 'c': '42164.60', 'h': '42172.90', 'l': '42164.60', 'v': '6.179', 'n': 107, 'x': False, 'q': '260563.33290', 'V': '2.189', 'Q': '92302.28240', 'B': '0'}"
kline,1703897042946,ETHUSDT,"{'t': 1703897040000, 'T': 1703897099999, 's': 'ETHUSDT', 'i': '1m', 'f': 3475189558, 'L': 3475189881, 'o': '2304.27', 'c': '2303.65', 'h': '2304.28', 'l': '2303.65', 'v': '1032.401', 'n': 324, 'x': False, 'q': '2378637.05638', 'V': '6.299', 'Q': '14514.60229', 'B': '0'}"
kline,1703897042942,BTCUSDT,"{'t': 1703897040000, 'T': 1703897099999, 's': 'BTCUSDT', 'i': '1m', 'f': 4423098279, 'L': 4423098433, 'o': '42172.80', 'c': '42160.00', 'h': '42172.90', 'l': '42160.00', 'v': '8.140', 'n': 155, 'x': False, 'q': '343244.24600', 'V': '2.189', 'Q': '92302.28240', 'B': '0'}"
kline,1703897043183,BNBUSDT,"{'t': 1703897040000, 'T': 1703897099999, 's': 'BNBUSDT', 'i': '1m', 'f': 1124030194, 'L': 1124030222, 'o': '313.900', 'c': '313.800', 'h': '313.900', 'l': '313.800', 'v': '22.39', 'n': 29, 'x': False, 'q': '7027.22790', 'V': '1.27', 'Q': '398.65300', 'B': '0'}"
kline,1703897043473,BTCUSDT,"{'t': 1703897040000, 'T': 1703897099999, 's': 'BTCUSDT', 'i': '1m', 'f': 4423098279, 'L': 4423098451, 'o': '42172.80', 'c': '42159.30', 'h': '42172.90', 'l': '42159.30', 'v': '8.300', 'n': 173, 'x': False, 'q': '349989.80850', 'V': '2.204', 'Q': '92934.67340', 'B': '0'}"
kline,1703897043504,ETHUSDT,"{'t': 1703897040000, 'T': 1703897099999, 's': 'ETHUSDT', 'i': '1m', 'f': 3475189558, 'L': 3475189978, 'o': '2304.27', 'c': '2303.17', 'h': '2304.28', 'l': '2303.16', 'v': '1065.304', 'n': 421, 'x': False, 'q': '2454428.65175', 'V': '6.474', 'Q': '14917.65704', 'B': '0'}"
kline,1703897043741,BTCUSDT,"{'t': 1703897040000, 'T': 1703897099999, 's': 'BTCUSDT', 'i': '1m', 'f': 4423098279, 'L': 4423098453, 'o': '42172.80', 'c': '42159.40', 'h': '42172.90', 'l': '42159.30', 'v': '8.323', 'n': 175, 'x': False, 'q': '350959.47470', 'V': '2.227', 'Q': '93904.33960', 'B': '0'}"
kline,1703897043759,ETHUSDT,"{'t': 1703897040000, 'T': 1703897099999, 's': 'ETHUSDT', 'i': '1m', 'f': 3475189558, 'L': 3475189983, 'o': '2304.27', 'c': '2303.16', 'h': '2304.28', 'l': '2303.16', 'v': '1072.153', 'n': 426, 'x': False, 'q': '2470202.99459', 'V': '6.474', 'Q': '14917.65704', 'B': '0'}"
kline,1703897044025,ETHUSDT,"{'t': 1703897040000, 'T': 1703897099999, 's': 'ETHUSDT', 'i': '1m', 'f': 3475189558, 'L': 3475189993, 'o': '2304.27', 'c': '2303.15', 'h': '2304.28', 'l': '2303.15', 'v': '1080.512', 'n': 436, 'x': False, 'q': '2489455.11276', 'V': '7.125', 'Q': '16417.02071', 'B': '0'}"
kline,1703897044156,BTCUSDT,"{'t': 1703897040000, 'T': 1703897099999, 's': 'BTCUSDT', 'i': '1m', 'f': 4423098279, 'L': 4423098456, 'o': '42172.80', 'c': '42159.30', 'h': '42172.90', 'l': '42159.30', 'v': '8.463', 'n': 178, 'x': False, 'q': '356861.77670', 'V': '2.227', 'Q': '93904.33960', 'B': '0'}"
kline,1703897044367,ETHUSDT,"{'t': 1703897040000, 'T': 1703897099999, 's': 'ETHUSDT', 'i': '1m', 'f': 3475189558, 'L': 3475190020, 'o': '2304.27', 'c': '2303.03', 'h': '2304.28', 'l': '2303.03', 'v': '1119.208', 'n': 463, 'x': False, 'q': '2578575.66568', 'V': '7.125', 'Q': '16417.02071', 'B': '0'}"
kline,1703897044622,BTCUSDT,"{'t': 1703897040000, 'T': 1703897099999, 's': 'BTCUSDT', 'i': '1m', 'f': 4423098279, 'L': 4423098458, 'o': '42172.80', 'c': '42159.30', 'h': '42172.90', 'l': '42159.30', 'v': '9.065', 'n': 180, 'x': False, 'q': '382241.67560', 'V': '2.230', 'Q': '94030.81780', 'B': '0'}"
kline,1703897045048,ETHUSDT,"{'t': 1703897040000, 'T': 1703897099999, 's': 'ETHUSDT', 'i': '1m', 'f': 3475189558, 'L': 3475190022, 'o': '2304.27', 'c': '2303.04', 'h': '2304.28', 'l': '2303.03', 'v': '1119.678', 'n': 465, 'x': False, 'q': '2579658.09411', 'V': '7.558', 'Q': '17414.23703', 'B': '0'}"
kline,1703897045133,BTCUSDT,"{'t': 1703897040000, 'T': 1703897099999, 's': 'BTCUSDT', 'i': '1m', 'f': 4423098279, 'L': 4423098485, 'o': '42172.80', 'c': '42158.40', 'h': '42172.90', 'l': '42158.40', 'v': '9.642', 'n': 207, 'x': False, 'q': '406567.50720', 'V': '2.230', 'Q': '94030.81780', 'B': '0'}"
kline,1703897045706,ETHUSDT,"{'t': 1703897040000, 'T': 1703897099999, 's': 'ETHUSDT', 'i': '1m', 'f': 3475189558, 'L': 3475190023, 'o': '2304.27', 'c': '2303.03', 'h': '2304.28', 'l': '2303.03', 'v': '1119.708', 'n': 466, 'x': False, 'q': '2579727.18501', 'V': '7.558', 'Q': '17414.23703', 'B': '0'}"
kline,1703897046187,BTCUSDT,"{'t': 1703897040000, 'T': 1703897099999, 's': 'BTCUSDT', 'i': '1m', 'f': 4423098279, 'L': 4423098490, 'o': '42172.80', 'c': '42158.30', 'h': '42172.90', 'l': '42158.30', 'v': '9.696', 'n': 212, 'x': False, 'q': '408844.05690', 'V': '2.230', 'Q': '94030.81780', 'B': '0'}"
kline,1703897046185,BNBUSDT,"{'t': 1703897040000, 'T': 1703897099999, 's': 'BNBUSDT', 'i': '1m', 'f': 1124030194, 'L': 1124030226, 'o': '313.900', 'c': '313.790', 'h': '313.900', 'l': '313.780', 'v': '23.33', 'n': 33, 'x': False, 'q': '7322.18240', 'V': '1.40', 'Q': '439.44570', 'B': '0'}"
kline,1703897046327,ETHUSDT,"{'t': 1703897040000, 'T': 1703897099999, 's': 'ETHUSDT', 'i': '1m', 'f': 3475189558, 'L': 3475190024, 'o': '2304.27', 'c': '2303.03', 'h': '2304.28', 'l': '2303.03', 'v': '1119.743', 'n': 467, 'x': False, 'q': '2579807.79106', 'V': '7.558', 'Q': '17414.23703', 'B': '0'}"
kline,1703897046565,BTCUSDT,"{'t': 1703897040000, 'T': 1703897099999, 's': 'BTCUSDT', 'i': '1m', 'f': 4423098279, 'L': 4423098503, 'o': '42172.80', 'c': '42158.20', 'h': '42172.90', 'l': '42158.20', 'v': '9.943', 'n': 225, 'x': False, 'q': '419257.14780', 'V': '2.253', 'Q': '95000.45870', 'B': '0'}"
kline,1703897046620,ETHUSDT,"{'t': 1703897040000, 'T': 1703897099999, 's': 'ETHUSDT', 'i': '1m', 'f': 3475189558, 'L': 3475190025, 'o': '2304.27', 'c': '2303.03', 'h': '2304.28', 'l': '2303.03', 'v': '1119.789', 'n': 468, 'x': False, 'q': '2579913.73044', 'V': '7.558', 'Q': '17414.23703', 'B': '0'}"
kline,1703897046847,BNBUSDT,"{'t': 1703897040000, 'T': 1703897099999, 's': 'BNBUSDT', 'i': '1m', 'f': 1124030194, 'L': 1124030227, 'o': '313.900', 'c': '313.790', 'h': '313.900', 'l': '313.780', 'v': '23.64', 'n': 34, 'x': False, 'q': '7419.45730', 'V': '1.71', 'Q': '536.72060', 'B': '0'}"
kline,1703897046901,ETHUSDT,"{'t': 1703897040000, 'T': 1703897099999, 's': 'ETHUSDT', 'i': '1m', 'f': 3475189558, 'L': 3475190026, 'o': '2304.27', 'c': '2303.04', 'h': '2304.28', 'l': '2303.03', 'v': '1119.812', 'n': 469, 'x': False, 'q': '2579966.70036', 'V': '7.581', 'Q': '17467.20695', 'B': '0'}"
kline,1703897047274,BTCUSDT,"{'t': 1703897040000, 'T': 1703897099999, 's': 'BTCUSDT', 'i': '1m', 'f': 4423098279, 'L': 4423098505, 'o': '42172.80', 'c': '42158.30', 'h': '42172.90', 'l': '42158.20', 'v': '10.840', 'n': 227, 'x': False, 'q': '457073.14150', 'V': '3.136', 'Q': '132226.23760', 'B': '0'}"
kline,1703897047451,ETHUSDT,"{'t': 1703897040000, 'T': 1703897099999, 's': 'ETHUSDT', 'i': '1m', 'f': 3475189558, 'L': 3475190027, 'o': '2304.27', 'c': '2303.04', 'h': '2304.28', 'l': '2303.03', 'v': '1119.899', 'n': 470, 'x': False, 'q': '2580167.06484', 'V': '7.668', 'Q': '17667.57143', 'B': '0'}"
kline,1703897047629,BTCUSDT,"{'t': 1703897040000, 'T': 1703897099999, 's': 'BTCUSDT', 'i': '1m', 'f': 4423098279, 'L': 4423098511, 'o': '42172.80', 'c': '42158.30', 'h': '42172.90', 'l': '42158.20', 'v': '11.381', 'n': 233, 'x': False, 'q': '479880.72850', 'V': '3.144', 'Q': '132563.50400', 'B': '0'}"
kline,1703897047721,BNBUSDT,"{'t': 1703897040000, 'T': 1703897099999, 's': 'BNBUSDT', 'i': '1m', 'f': 1124030194, 'L': 1124030241, 'o': '313.900', 'c': '313.790', 'h': '313.900', 'l': '313.780', 'v': '28.93', 'n': 48, 'x': False, 'q': '9079.40640', 'V': '7.00', 'Q': '2196.66970', 'B': '0'}"
kline,1703897047788,ETHUSDT,"{'t': 1703897040000, 'T': 1703897099999, 's': 'ETHUSDT', 'i': '1m', 'f': 3475189558, 'L': 3475190028, 'o': '2304.27', 'c': '2303.03', 'h': '2304.28', 'l': '2303.03', 'v': '1119.930', 'n': 471, 'x': False, 'q': '2580238.45877', 'V': '7.668', 'Q': '17667.57143', 'B': '0'}"
kline,1703897047958,BTCUSDT,"{'t': 1703897040000, 'T': 1703897099999, 's': 'BTCUSDT', 'i': '1m', 'f': 4423098279, 'L': 4423098512, 'o': '42172.80', 'c': '42158.20', 'h': '42172.90', 'l': '42158.20', 'v': '11.412', 'n': 234, 'x': False, 'q': '481187.63270', 'V': '3.144', 'Q': '132563.50400', 'B': '0'}"
kline,1703897048048,BNBUSDT,"{'t': 1703897040000, 'T': 1703897099999, 's': 'BNBUSDT', 'i': '1m', 'f': 1124030194, 'L': 1124030242, 'o': '313.900', 'c': '313.780', 'h': '313.900', 'l': '313.780', 'v': '28.97', 'n': 49, 'x': False, 'q': '9091.95760', 'V': '7.00', 'Q': '2196.66970', 'B': '0'}"
kline,1703897048214,BTCUSDT,"{'t': 1703897040000, 'T': 1703897099999, 's': 'BTCUSDT', 'i': '1m', 'f': 4423098279, 'L': 4423098524, 'o': '42172.80', 'c': '42156.60', 'h': '42172.90', 'l': '42156.60', 'v': '11.618', 'n': 246, 'x': False, 'q': '489872.15070', 'V': '3.144', 'Q': '132563.50400', 'B': '0'}"
kline,1703897048301,BNBUSDT,"{'t': 1703897040000, 'T': 1703897099999, 's': 'BNBUSDT', 'i': '1m', 'f': 1124030194, 'L': 1124030243, 'o': '313.900', 'c': '313.780', 'h': '313.900', 'l': '313.780', 'v': '29.05', 'n': 50, 'x': False, 'q': '9117.06000', 'V': '7.00', 'Q': '2196.66970', 'B': '0'}"
kline,1703897048311,ETHUSDT,"{'t': 1703897040000, 'T': 1703897099999, 's': 'ETHUSDT', 'i': '1m', 'f': 3475189558, 'L': 3475190029, 'o': '2304.27', 'c': '2303.03', 'h': '2304.28', 'l': '2303.03', 'v': '1119.940', 'n': 472, 'x': False, 'q': '2580261.48907', 'V': '7.668', 'Q': '17667.57143', 'B': '0'}"
kline,1703897048693,BTCUSDT,"{'t': 1703897040000, 'T': 1703897099999, 's': 'BTCUSDT', 'i': '1m', 'f': 4423098279, 'L': 4423098527, 'o': '42172.80', 'c': '42156.60', 'h': '42172.90', 'l': '42156.60', 'v': '11.709', 'n': 249, 'x': False, 'q': '493708.40130', 'V': '3.144', 'Q': '132563.50400', 'B': '0'}"
kline,1703897049267,BNBUSDT,"{'t': 1703897040000, 'T': 1703897099999, 's': 'BNBUSDT', 'i': '1m', 'f': 1124030194, 'L': 1124030244, 'o': '313.900', 'c': '313.780', 'h': '313.900', 'l': '313.780', 'v': '29.94', 'n': 51, 'x': False, 'q': '9396.32420', 'V': '7.00', 'Q': '2196.66970', 'B': '0'}"
kline,1703897049375,BTCUSDT,"{'t': 1703897040000, 'T': 1703897099999, 's': 'BTCUSDT', 'i': '1m', 'f': 4423098279, 'L': 4423098528, 'o': '42172.80', 'c': '42156.70', 'h': '42172.90', 'l': '42156.60', 'v': '11.873', 'n': 250, 'x': False, 'q': '500622.10010', 'V': '3.308', 'Q': '139477.20280', 'B': '0'}"
kline,1703897049737,ETHUSDT,"{'t': 1703897040000, 'T': 1703897099999, 's': 'ETHUSDT', 'i': '1m', 'f': 3475189558, 'L': 3475190031, 'o': '2304.27', 'c': '2303.03', 'h': '2304.28', 'l': '2303.03', 'v': '1120.008', 'n': 474, 'x': False, 'q': '2580418.09511', 'V': '7.668', 'Q': '17667.57143', 'B': '0'}"
kline,1703897049806,BTCUSDT,"{'t': 1703897040000, 'T': 1703897099999, 's': 'BTCUSDT', 'i': '1m', 'f': 4423098279, 'L': 4423098530, 'o': '42172.80', 'c': '42156.60', 'h': '42172.90', 'l': '42156.60', 'v': '12.016', 'n': 252, 'x': False, 'q': '506650.50690', 'V': '3.438', 'Q': '144957.57380', 'B': '0'}"
kline,1703897050105,BNBUSDT,"{'t': 1703897040000, 'T': 1703897099999, 's': 'BNBUSDT', 'i': '1m', 'f': 1124030194, 'L': 1124030245, 'o': '313.900', 'c': '313.780', 'h': '313.900', 'l': '313.780', 'v': '31.64', 'n': 52, 'x': False, 'q': '9929.75020', 'V': '7.00', 'Q': '2196.66970', 'B': '0'}"
kline,1703897050253,BTCUSDT,"{'t': 1703897040000, 'T': 1703897099999, 's': 'BTCUSDT', 'i': '1m', 'f': 4423098279, 'L': 4423098531, 'o': '42172.80', 'c': '42156.70', 'h': '42172.90', 'l': '42156.60', 'v': '12.116', 'n': 253, 'x': False, 'q': '510866.17690', 'V': '3.538', 'Q': '149173.24380', 'B': '0'}"
kline,1703897050354,ETHUSDT,"{'t': 1703897040000, 'T': 1703897099999, 's': 'ETHUSDT', 'i': '1m', 'f': 3475189558, 'L': 3475190032, 'o': '2304.27', 'c': '2303.03', 'h': '2304.28', 'l': '2303.03', 'v': '1120.043', 'n': 475, 'x': False, 'q': '2580498.70116', 'V': '7.668', 'Q': '17667.57143', 'B': '0'}"
kline,1703897050789,ETHUSDT,"{'t': 1703897040000, 'T': 1703897099999, 's': 'ETHUSDT', 'i': '1m', 'f': 3475189558, 'L': 3475190033, 'o': '2304.27', 'c': '2303.03', 'h': '2304.28', 'l': '2303.03', 'v': '1120.130', 'n': 476, 'x': False, 'q': '2580699.06477', 'V': '7.668', 'Q': '17667.57143', 'B': '0'}"
kline,1703897050798,BTCUSDT,"{'t': 1703897040000, 'T': 1703897099999, 's': 'BTCUSDT', 'i': '1m', 'f': 4423098279, 'L': 4423098532, 'o': '42172.80', 'c': '42156.70', 'h': '42172.90', 'l': '42156.60', 'v': '12.130', 'n': 254, 'x': False, 'q': '511456.37070', 'V': '3.552', 'Q': '149763.43760', 'B': '0'}"
kline,1703897051260,BTCUSDT,"{'t': 1703897040000, 'T': 1703897099999, 's': 'BTCUSDT', 'i': '1m', 'f': 4423098279, 'L': 4423098534, 'o': '42172.80', 'c': '42156.70', 'h': '42172.90', 'l': '42156.60', 'v': '12.230', 'n': 256, 'x': False, 'q': '515672.03100', 'V': '3.555', 'Q': '149889.90770', 'B': '0'}"
kline,1703897051537,BTCUSDT,"{'t': 1703897040000, 'T': 1703897099999, 's': 'BTCUSDT', 'i': '1m', 'f': 4423098279, 'L': 4423098537, 'o': '42172.80', 'c': '42156.60', 'h': '42172.90', 'l': '42156.60', 'v': '12.382', 'n': 259, 'x': False, 'q': '522079.83420', 'V': '3.555', 'Q': '149889.90770', 'B': '0'}"
kline,1703897051717,ETHUSDT,"{'t': 1703897040000, 'T': 1703897099999, 's': 'ETHUSDT', 'i': '1m', 'f': 3475189558, 'L': 3475190034, 'o': '2304.27', 'c': '2303.03', 'h': '2304.28', 'l': '2303.03', 'v': '1120.160', 'n': 477, 'x': False, 'q': '2580768.15567', 'V': '7.668', 'Q': '17667.57143', 'B': '0'}"
kline,1703897051747,BNBUSDT,"{'t': 1703897040000, 'T': 1703897099999, 's': 'BNBUSDT', 'i': '1m', 'f': 1124030194, 'L': 1124030251, 'o': '313.900', 'c': '313.780', 'h': '313.900', 'l': '313.780', 'v': '42.61', 'n': 58, 'x': False, 'q': '13371.92020', 'V': '7.34', 'Q': '2303.35830', 'B': '0'}"
kline,1703897051855,BTCUSDT,"{'t': 1703897040000, 'T': 1703897099999, 's': 'BTCUSDT', 'i': '1m', 'f': 4423098279, 'L': 4423098538, 'o': '42172.80', 'c': '42156.60', 'h': '42172.90', 'l': '42156.60', 'v': '12.449', 'n': 260, 'x': False, 'q': '524904.32640', 'V': '3.555', 'Q': '149889.90770', 'B': '0'}"
kline,1703897051987,ETHUSDT,"{'t': 1703897040000, 'T': 1703897099999, 's': 'ETHUSDT', 'i': '1m', 'f': 3475189558, 'L': 3475190035, 'o': '2304.27', 'c': '2303.04', 'h': '2304.28', 'l': '2303.03', 'v': '1120.576', 'n': 478, 'x': False, 'q': '2581726.22031', 'V': '8.084', 'Q': '18625.63607', 'B': '0'}"
kline,1703897052370,ETHUSDT,"{'t': 1703897040000, 'T': 1703897099999, 's': 'ETHUSDT', 'i': '1m', 'f': 3475189558, 'L': 3475190048, 'o': '2304.27', 'c': '2303.04', 'h': '2304.28', 'l': '2303.03', 'v': '1128.828', 'n': 491, 'x': False, 'q': '2600730.90603', 'V': '16.300', 'Q': '37547.41271', 'B': '0'}"
kline,1703897052389,BNBUSDT,"{'t': 1703897040000, 'T': 1703897099999, 's': 'BNBUSDT', 'i': '1m', 'f': 1124030194, 'L': 1124030262, 'o': '313.900', 'c': '313.790', 'h': '313.900', 'l': '313.780', 'v': '52.55', 'n': 69, 'x': False, 'q': '16490.89570', 'V': '7.57', 'Q': '2375.53000', 'B': '0'}"
kline,1703897052424,BTCUSDT,"{'t': 1703897040000, 'T': 1703897099999, 's': 'BTCUSDT', 'i': '1m', 'f': 4423098279, 'L': 4423098542, 'o': '42172.80', 'c': '42156.60', 'h': '42172.90', 'l': '42156.60', 'v': '12.710', 'n': 264, 'x': False, 'q': '535907.19900', 'V': '3.555', 'Q': '149889.90770', 'B': '0'}"
kline,1703897052741,BTCUSDT,"{'t': 1703897040000, 'T': 1703897099999, 's': 'BTCUSDT', 'i': '1m', 'f': 4423098279, 'L': 4423098555, 'o': '42172.80', 'c': '42156.60', 'h': '42172.90', 'l': '42156.60', 'v': '13.908', 'n': 277, 'x': False, 'q': '586410.80580', 'V': '3.555', 'Q': '149889.90770', 'B': '0'}"
kline,1703897052776,ETHUSDT,"{'t': 1703897040000, 'T': 1703897099999, 's': 'ETHUSDT', 'i': '1m', 'f': 3475189558, 'L': 3475190049, 'o': '2304.27', 'c': '2303.03', 'h': '2304.28', 'l': '2303.03', 'v': '1129.028', 'n': 492, 'x': False, 'q': '2601191.51203', 'V': '16.300', 'Q': '37547.41271', 'B': '0'}"
kline,1703897053031,ETHUSDT,"{'t': 1703897040000, 'T': 1703897099999, 's': 'ETHUSDT', 'i': '1m', 'f': 3475189558, 'L': 3475190056, 'o': '2304.27', 'c': '2303.04', 'h': '2304.28', 'l': '2303.03', 'v': '1133.888', 'n': 499, 'x': False, 'q': '2612384.24607', 'V': '17.124', 'Q': '39445.11767', 'B': '0'}"
kline,1703897053044,BNBUSDT,"{'t': 1703897040000, 'T': 1703897099999, 's': 'BNBUSDT', 'i': '1m', 'f': 1124030194, 'L': 1124030263, 'o': '313.900', 'c': '313.780', 'h': '313.900', 'l': '313.780', 'v': '52.64', 'n': 70, 'x': False, 'q': '16519.13590', 'V': '7.57', 'Q': '2375.53000', 'B': '0'}"
kline,1703897053094,BTCUSDT,"{'t': 1703897040000, 'T': 1703897099999, 's': 'BTCUSDT', 'i': '1m', 'f': 4423098279, 'L': 4423098562, 'o': '42172.80', 'c': '42156.60', 'h': '42172.90', 'l': '42156.60', 'v': '14.057', 'n': 284, 'x': False, 'q': '592692.13920', 'V': '3.555', 'Q': '149889.90770', 'B': '0'}"
kline,1703897053456,ETHUSDT,"{'t': 1703897040000, 'T': 1703897099999, 's': 'ETHUSDT', 'i': '1m', 'f': 3475189558, 'L': 3475190060, 'o': '2304.27', 'c': '2303.04', 'h': '2304.28', 'l': '2303.03', 'v': '1134.037', 'n': 503, 'x': False, 'q': '2612727.39794', 'V': '17.164', 'Q': '39537.23927', 'B': '0'}"
kline,1703897053541,BTCUSDT,"{'t': 1703897040000, 'T': 1703897099999, 's': 'BTCUSDT', 'i': '1m', 'f': 4423098279, 'L': 4423098565, 'o': '42172.80', 'c': '42156.70', 'h': '42172.90', 'l': '42156.60', 'v': '14.138', 'n': 287, 'x': False, 'q': '596106.82610', 'V': '3.578', 'Q': '150859.51180', 'B': '0'}"
kline,1703897053814,ETHUSDT,"{'t': 1703897040000, 'T': 1703897099999, 's': 'ETHUSDT', 'i': '1m', 'f': 3475189558, 'L': 3475190063, 'o': '2304.27', 'c': '2303.03', 'h': '2304.28', 'l': '2303.03', 'v': '1135.155', 'n': 506, 'x': False, 'q': '2615302.18548', 'V': '17.164', 'Q': '39537.23927', 'B': '0'}"
kline,1703897054235,ETHUSDT,"{'t': 1703897040000, 'T': 1703897099999, 's': 'ETHUSDT', 'i': '1m', 'f': 3475189558, 'L': 3475190072, 'o': '2304.27', 'c': '2303.00', 'h': '2304.28', 'l': '2303.00', 'v': '1142.955', 'n': 515, 'x': False, 'q': '2633265.75456', 'V': '20.164', 'Q': '46446.26927', 'B': '0'}"
kline,1703897054506,BTCUSDT,"{'t': 1703897040000, 'T': 1703897099999, 's': 'BTCUSDT', 'i': '1m', 'f': 4423098279, 'L': 4423098566, 'o': '42172.80', 'c': '42156.60', 'h': '42172.90', 'l': '42156.60', 'v': '14.227', 'n': 288, 'x': False, 'q': '599858.76350', 'V': '3.578', 'Q': '150859.51180', 'B': '0'}"
kline,1703897054510,ETHUSDT,"{'t': 1703897040000, 'T': 1703897099999, 's': 'ETHUSDT', 'i': '1m', 'f': 3475189558, 'L': 3475190077, 'o': '2304.27', 'c': '2303.00', 'h': '2304.28', 'l': '2303.00', 'v': '1152.955', 'n': 520, 'x': False, 'q': '2656295.75456', 'V': '20.164', 'Q': '46446.26927', 'B': '0'}"
kline,1703897054511,BNBUSDT,"{'t': 1703897040000, 'T': 1703897099999, 's': 'BNBUSDT', 'i': '1m', 'f': 1124030194, 'L': 1124030264, 'o': '313.900', 'c': '313.780', 'h': '313.900', 'l': '313.780', 'v': '59.89', 'n': 71, 'x': False, 'q': '18794.04090', 'V': '7.57', 'Q': '2375.53000', 'B': '0'}"
kline,1703897054794,BTCUSDT,"{'t': 1703897040000, 'T': 1703897099999, 's': 'BTCUSDT', 'i': '1m', 'f': 4423098279, 'L': 4423098642, 'o': '42172.80', 'c': '42150.60', 'h': '42172.90', 'l': '42150.60', 'v': '17.897', 'n': 364, 'x': False, 'q': '754559.52590', 'V': '3.598', 'Q': '151702.53580', 'B': '0'}"
kline,1703897055113,BTCUSDT,"{'t': 1703897040000, 'T': 1703897099999, 's': 'BTCUSDT', 'i': '1m', 'f': 4423098279, 'L': 4423098652, 'o': '42172.80', 'c': '42150.10', 'h': '42172.90', 'l': '42150.10', 'v': '18.219', 'n': 374, 'x': False, 'q': '768131.87010', 'V': '3.648', 'Q': '153810.04700', 'B': '0'}"
kline,1703897055180,ETHUSDT,"{'t': 1703897040000, 'T': 1703897099999, 's': 'ETHUSDT', 'i': '1m', 'f': 3475189558, 'L': 3475190117, 'o': '2304.27', 'c': '2302.73', 'h': '2304.28', 'l': '2302.72', 'v': '1183.604', 'n': 560, 'x': False, 'q': '2726877.55994', 'V': '20.264', 'Q': '46676.54227', 'B': '0'}"
kline,1703897055511,BTCUSDT,"{'t': 1703897040000, 'T': 1703897099999, 's': 'BTCUSDT', 'i': '1m', 'f': 4423098279, 'L': 4423098726, 'o': '42172.80', 'c': '42145.90', 'h': '42172.90', 'l': '42145.80', 'v': '23.476', 'n': 448, 'x': False, 'q': '989707.03660', 'V': '3.963', 'Q': '167086.00550', 'B': '0'}"
kline,1703897055562,ETHUSDT,"{'t': 1703897040000, 'T': 1703897099999, 's': 'ETHUSDT', 'i': '1m', 'f': 3475189558, 'L': 3475190119, 'o': '2304.27', 'c': '2302.72', 'h': '2304.28', 'l': '2302.72', 'v': '1184.194', 'n': 562, 'x': False, 'q': '2728236.16978', 'V': '20.768', 'Q': '47837.11819', 'B': '0'}"
kline,1703897055778,BTCUSDT,"{'t': 1703897040000, 'T': 1703897099999, 's': 'BTCUSDT', 'i': '1m', 'f': 4423098279, 'L': 4423098728, 'o': '42172.80', 'c': '42145.80', 'h': '42172.90', 'l': '42145.80', 'v': '23.483', 'n': 450, 'x': False, 'q': '990002.05760', 'V': '3.967', 'Q': '167254.58910', 'B': '0'}"
kline,1703897055871,ETHUSDT,"{'t': 1703897040000, 'T': 1703897099999, 's': 'ETHUSDT', 'i': '1m', 'f': 3475189558, 'L': 3475190122, 'o': '2304.27', 'c': '2302.72', 'h': '2304.28', 'l': '2302.72', 'v': '1184.324', 'n': 565, 'x': False, 'q': '2728535.52338', 'V': '20.768', 'Q': '47837.11819', 'B': '0'}"
kline,1703897056106,BTCUSDT,"{'t': 1703897040000, 'T': 1703897099999, 's': 'BTCUSDT', 'i': '1m', 'f': 4423098279, 'L': 4423098747, 'o': '42172.80', 'c': '42145.80', 'h': '42172.90', 'l': '42145.80', 'v': '26.357', 'n': 469, 'x': False, 'q': '1111129.18030', 'V': '4.902', 'Q': '206661.00560', 'B': '0'}"
kline,1703897056188,ETHUSDT,"{'t': 1703897040000, 'T': 1703897099999, 's': 'ETHUSDT', 'i': '1m', 'f': 3475189558, 'L': 3475190139, 'o': '2304.27', 'c': '2302.72', 'h': '2304.28', 'l': '2302.72', 'v': '1216.020', 'n': 582, 'x': False, 'q': '2801522.85172', 'V': '52.290', 'Q': '120423.77325', 'B': '0'}"
kline,1703897056595,ETHUSDT,"{'t': 1703897040000, 'T': 1703897099999, 's': 'ETHUSDT', 'i': '1m', 'f': 3475189558, 'L': 3475190143, 'o': '2304.27', 'c': '2302.72', 'h': '2304.28', 'l': '2302.72', 'v': '1216.230', 'n': 586, 'x': False, 'q': '2802006.42292', 'V': '52.290', 'Q': '120423.77325', 'B': '0'}"
kline,1703897056633,BTCUSDT,"{'t': 1703897040000, 'T': 1703897099999, 's': 'BTCUSDT', 'i': '1m', 'f': 4423098279, 'L': 4423098749, 'o': '42172.80', 'c': '42145.80', 'h': '42172.90', 'l': '42145.80', 'v': '26.370', 'n': 471, 'x': False, 'q': '1111677.07570', 'V': '4.902', 'Q': '206661.00560', 'B': '0'}"
kline,1703897056850,BNBUSDT,"{'t': 1703897040000, 'T': 1703897099999, 's': 'BNBUSDT', 'i': '1m', 'f': 1124030194, 'L': 1124030273, 'o': '313.900', 'c': '313.770', 'h': '313.900', 'l': '313.770', 'v': '63.76', 'n': 80, 'x': False, 'q': '20008.36880', 'V': '7.57', 'Q': '2375.53000', 'B': '0'}"
kline,1703897056905,BTCUSDT,"{'t': 1703897040000, 'T': 1703897099999, 's': 'BTCUSDT', 'i': '1m', 'f': 4423098279, 'L': 4423098753, 'o': '42172.80', 'c': '42145.80', 'h': '42172.90', 'l': '42145.80', 'v': '26.482', 'n': 475, 'x': False, 'q': '1116397.40570', 'V': '4.906', 'Q': '206829.58920', 'B': '0'}"
kline,1703897057007,ETHUSDT,"{'t': 1703897040000, 'T': 1703897099999, 's': 'ETHUSDT', 'i': '1m', 'f': 3475189558, 'L': 3475190149, 'o': '2304.27', 'c': '2302.72', 'h': '2304.28', 'l': '2302.72', 'v': '1219.355', 'n': 592, 'x': False, 'q': '2809202.42292', 'V': '52.290', 'Q': '120423.77325', 'B': '0'}"
kline,1703897057113,BNBUSDT,"{'t': 1703897040000, 'T': 1703897099999, 's': 'BNBUSDT', 'i': '1m', 'f': 1124030194, 'L': 1124030278, 'o': '313.900', 'c': '313.770', 'h': '313.900', 'l': '313.770', 'v': '65.66', 'n': 85, 'x': False, 'q': '20604.54450', 'V': '8.84', 'Q': '2774.03060', 'B': '0'}"
kline,1703897057170,BTCUSDT,"{'t': 1703897040000, 'T': 1703897099999, 's': 'BTCUSDT', 'i': '1m', 'f': 4423098279, 'L': 4423098760, 'o': '42172.80', 'c': '42145.90', 'h': '42172.90', 'l': '42145.80', 'v': '27.124', 'n': 482, 'x': False, 'q': '1143455.01000', 'V': '4.913', 'Q': '207124.61050', 'B': '0'}"
kline,1703897057348,ETHUSDT,"{'t': 1703897040000, 'T': 1703897099999, 's': 'ETHUSDT', 'i': '1m', 'f': 3475189558, 'L': 3475190152, 'o': '2304.27', 'c': '2302.72', 'h': '2304.28', 'l': '2302.72', 'v': '1219.590', 'n': 595, 'x': False, 'q': '2809743.56212', 'V': '52.290', 'Q': '120423.77325', 'B': '0'}"
kline,1703897057516,BNBUSDT,"{'t': 1703897040000, 'T': 1703897099999, 's': 'BNBUSDT', 'i': '1m', 'f': 1124030194, 'L': 1124030281, 'o': '313.900', 'c': '313.770', 'h': '313.900', 'l': '313.770', 'v': '66.32', 'n': 88, 'x': False, 'q': '20811.63270', 'V': '8.84', 'Q': '2774.03060', 'B': '0'}"
kline,1703897057647,ETHUSDT,"{'t': 1703897040000, 'T': 1703897099999, 's': 'ETHUSDT', 'i': '1m', 'f': 3475189558, 'L': 3475190155, 'o': '2304.27', 'c': '2302.72', 'h': '2304.28', 'l': '2302.72', 'v': '1224.763', 'n': 598, 'x': False, 'q': '2821655.58268', 'V': '57.290', 'Q': '131937.42325', 'B': '0'}"
kline,1703897057887,BTCUSDT,"{'t': 1703897040000, 'T': 1703897099999, 's': 'BTCUSDT', 'i': '1m', 'f': 4423098279, 'L': 4423098763, 'o': '42172.80', 'c': '42145.80', 'h': '42172.90', 'l': '42145.80', 'v': '27.219', 'n': 485, 'x': False, 'q': '1147458.86140', 'V': '4.917', 'Q': '207293.19410', 'B': '0'}"
kline,1703897058047,ETHUSDT,"{'t': 1703897040000, 'T': 1703897099999, 's': 'ETHUSDT', 'i': '1m', 'f': 3475189558, 'L': 3475190158, 'o': '2304.27', 'c': '2302.72', 'h': '2304.28', 'l': '2302.72', 'v': '1225.354', 'n': 601, 'x': False, 'q': '2823016.49020', 'V': '57.290', 'Q': '131937.42325', 'B': '0'}"
kline,1703897058069,BNBUSDT,"{'t': 1703897040000, 'T': 1703897099999, 's': 'BNBUSDT', 'i': '1m', 'f': 1124030194, 'L': 1124030282, 'o': '313.900', 'c': '313.770', 'h': '313.900', 'l': '313.770', 'v': '67.42', 'n': 89, 'x': False, 'q': '21156.77970', 'V': '8.84', 'Q': '2774.03060', 'B': '0'}"
kline,1703897058275,BTCUSDT,"{'t': 1703897040000, 'T': 1703897099999, 's': 'BTCUSDT', 'i': '1m', 'f': 4423098279, 'L': 4423098769, 'o': '42172.80', 'c': '42145.80', 'h': '42172.90', 'l': '42145.80', 'v': '27.793', 'n': 491, 'x': False, 'q': '1171650.55060', 'V': '4.917', 'Q': '207293.19410', 'B': '0'}"
kline,1703897058343,BNBUSDT,"{'t': 1703897040000, 'T': 1703897099999, 's': 'BNBUSDT', 'i': '1m', 'f': 1124030194, 'L': 1124030308, 'o': '313.900', 'c': '313.670', 'h': '313.900', 'l': '313.670', 'v': '97.86', 'n': 115, 'x': False, 'q': '30706.87970', 'V': '8.84', 'Q': '2774.03060', 'B': '0'}"
kline,1703897058388,ETHUSDT,"{'t': 1703897040000, 'T': 1703897099999, 's': 'ETHUSDT', 'i': '1m', 'f': 3475189558, 'L': 3475190183, 'o': '2304.27', 'c': '2302.53', 'h': '2304.28', 'l': '2302.52', 'v': '1229.271', 'n': 626, 'x': False, 'q': '2832035.85571', 'V': '58.290', 'Q': '134239.95325', 'B': '0'}"
kline,1703897058638,ETHUSDT,"{'t': 1703897040000, 'T': 1703897099999, 's': 'ETHUSDT', 'i': '1m', 'f': 3475189558, 'L': 3475190497, 'o': '2304.27', 'c': '2302.02', 'h': '2304.28', 'l': '2301.77', 'v': '1654.445', 'n': 940, 'x': False, 'q': '3810764.18148', 'V': '109.581', 'Q': '252302.43366', 'B': '0'}"
kline,1703897058735,BNBUSDT,"{'t': 1703897040000, 'T': 1703897099999, 's': 'BNBUSDT', 'i': '1m', 'f': 1124030194, 'L': 1124030314, 'o': '313.900', 'c': '313.640', 'h': '313.900', 'l': '313.640', 'v': '109.34', 'n': 121, 'x': False, 'q': '34307.62230', 'V': '8.84', 'Q': '2774.03060', 'B': '0'}"
kline,1703897058788,BTCUSDT,"{'t': 1703897040000, 'T': 1703897099999, 's': 'BTCUSDT', 'i': '1m', 'f': 4423098279, 'L': 4423098772, 'o': '42172.80', 'c': '42145.90', 'h': '42172.90', 'l': '42145.80', 'v': '27.899', 'n': 494, 'x': False, 'q': '1176118.00670', 'V': '4.930', 'Q': '207841.09080', 'B': '0'}"
kline,1703897059281,ETHUSDT,"{'t': 1703897040000, 'T': 1703897099999, 's': 'ETHUSDT', 'i': '1m', 'f': 3475189558, 'L': 3475190512, 'o': '2304.27', 'c': '2302.11', 'h': '2304.28', 'l': '2301.77', 'v': '1672.175', 'n': 955, 'x': False, 'q': '3851579.31004', 'V': '126.559', 'Q': '291386.38302', 'B': '0'}"
kline,1703897059349,BTCUSDT,"{'t': 1703897040000, 'T': 1703897099999, 's': 'BTCUSDT', 'i': '1m', 'f': 4423098279, 'L': 4423098776, 'o': '42172.80', 'c': '42145.80', 'h': '42172.90', 'l': '42145.80', 'v': '28.173', 'n': 498, 'x': False, 'q': '1187665.97010', 'V': '5.072', 'Q': '213825.80860', 'B': '0'}"
kline,1703897059639,ETHUSDT,"{'t': 1703897040000, 'T': 1703897099999, 's': 'ETHUSDT', 'i': '1m', 'f': 3475189558, 'L': 3475190589, 'o': '2304.27', 'c': '2302.34', 'h': '2304.28', 'l': '2301.77', 'v': '1772.227', 'n': 1032, 'x': False, 'q': '4081915.36037', 'V': '225.260', 'Q': '518611.97201', 'B': '0'}"
kline,1703897059688,BNBUSDT,"{'t': 1703897040000, 'T': 1703897099999, 's': 'BNBUSDT', 'i': '1m', 'f': 1124030194, 'L': 1124030326, 'o': '313.900', 'c': '313.620', 'h': '313.900', 'l': '313.620', 'v': '124.14', 'n': 133, 'x': False, 'q': '38949.34610', 'V': '8.84', 'Q': '2774.03060', 'B': '0'}"
kline,1703897059909,ETHUSDT,"{'t': 1703897040000, 'T': 1703897099999, 's': 'ETHUSDT', 'i': '1m', 'f': 3475189558, 'L': 3475190590, 'o': '2304.27', 'c': '2302.34', 'h': '2304.28', 'l': '2301.77', 'v': '1772.259', 'n': 1033, 'x': False, 'q': '4081989.03525', 'V': '225.260', 'Q': '518611.97201', 'B': '0'}"
kline,1703897060039,BTCUSDT,"{'t': 1703897040000, 'T': 1703897099999, 's': 'BTCUSDT', 'i': '1m', 'f': 4423098279, 'L': 4423098777, 'o': '42172.80', 'c': '42145.90', 'h': '42172.90', 'l': '42145.80', 'v': '28.178', 'n': 499, 'x': False, 'q': '1187876.69960', 'V': '5.077', 'Q': '214036.53810', 'B': '0'}"
kline,1703897060310,ETHUSDT,"{'t': 1703897040000, 'T': 1703897099999, 's': 'ETHUSDT', 'i': '1m', 'f': 3475189558, 'L': 3475190591, 'o': '2304.27', 'c': '2302.34', 'h': '2304.28', 'l': '2301.77', 'v': '1772.273', 'n': 1034, 'x': False, 'q': '4082021.26801', 'V': '225.260', 'Q': '518611.97201', 'B': '0'}"
kline,1703897060430,BTCUSDT,"{'t': 1703897040000, 'T': 1703897099999, 's': 'BTCUSDT', 'i': '1m', 'f': 4423098279, 'L': 4423098778, 'o': '42172.80', 'c': '42145.90', 'h': '42172.90', 'l': '42145.80', 'v': '28.179', 'n': 500, 'x': False, 'q': '1187918.84550', 'V': '5.078', 'Q': '214078.68400', 'B': '0'}"
kline,1703897060754,BTCUSDT,"{'t': 1703897040000, 'T': 1703897099999, 's': 'BTCUSDT', 'i': '1m', 'f': 4423098279, 'L': 4423098782, 'o': '42172.80', 'c': '42145.80', 'h': '42172.90', 'l': '42145.80', 'v': '28.439', 'n': 504, 'x': False, 'q': '1198876.75350', 'V': '5.078', 'Q': '214078.68400', 'B': '0'}"
kline,1703897060829,BNBUSDT,"{'t': 1703897040000, 'T': 1703897099999, 's': 'BNBUSDT', 'i': '1m', 'f': 1124030194, 'L': 1124030331, 'o': '313.900', 'c': '313.630', 'h': '313.900', 'l': '313.620', 'v': '127.27', 'n': 138, 'x': False, 'q': '39930.97830', 'V': '9.00', 'Q': '2824.21140', 'B': '0'}"
kline,1703897061029,ETHUSDT,"{'t': 1703897040000, 'T': 1703897099999, 's': 'ETHUSDT', 'i': '1m', 'f': 3475189558, 'L': 3475190593, 'o': '2304.27', 'c': '2302.35', 'h': '2304.28', 'l': '2301.77', 'v': '1772.328', 'n': 1036, 'x': False, 'q': '4082147.89691', 'V': '225.280', 'Q': '518658.01901', 'B': '0'}"
kline,1703897061552,BNBUSDT,"{'t': 1703897040000, 'T': 1703897099999, 's': 'BNBUSDT', 'i': '1m', 'f': 1124030194, 'L': 1124030332, 'o': '313.900', 'c': '313.620', 'h': '313.900', 'l': '313.620', 'v': '127.30', 'n': 139, 'x': False, 'q': '39940.38690', 'V': '9.00', 'Q': '2824.21140', 'B': '0'}"
kline,1703897061585,ETHUSDT,"{'t': 1703897040000, 'T': 1703897099999, 's': 'ETHUSDT', 'i': '1m', 'f': 3475189558, 'L': 3475190620, 'o': '2304.27', 'c': '2302.47', 'h': '2304.28', 'l': '2301.77', 'v': '1814.648', 'n': 1063, 'x': False, 'q': '4179586.51694', 'V': '262.600', 'Q': '604584.28904', 'B': '0'}"
kline,1703897061933,ETHUSDT,"{'t': 1703897040000, 'T': 1703897099999, 's': 'ETHUSDT', 'i': '1m', 'f': 3475189558, 'L': 3475190624, 'o': '2304.27', 'c': '2302.47', 'h': '2304.28', 'l': '2301.77', 'v': '1815.212', 'n': 1067, 'x': False, 'q': '4180885.11002', 'V': '262.600', 'Q': '604584.28904', 'B': '0'}"
kline,1703897062187,ETHUSDT,"{'t': 1703897040000, 'T': 1703897099999, 's': 'ETHUSDT', 'i': '1m', 'f': 3475189558, 'L': 3475190625, 'o': '2304.27', 'c': '2302.47', 'h': '2304.28', 'l': '2301.77', 'v': '1815.242', 'n': 1068, 'x': False, 'q': '4180954.18412', 'V': '262.600', 'Q': '604584.28904', 'B': '0'}"
kline,1703897062301,BTCUSDT,"{'t': 1703897040000, 'T': 1703897099999, 's': 'BTCUSDT', 'i': '1m', 'f': 4423098279, 'L': 4423098796, 'o': '42172.80', 'c': '42145.90', 'h': '42172.90', 'l': '42145.80', 'v': '28.962', 'n': 518, 'x': False, 'q': '1220919.01040', 'V': '5.113', 'Q': '215553.79050', 'B': '0'}"
kline,1703897062793,BTCUSDT,"{'t': 1703897040000, 'T': 1703897099999, 's': 'BTCUSDT', 'i': '1m', 'f': 4423098279, 'L': 4423098803, 'o': '42172.80', 'c': '42145.80', 'h': '42172.90', 'l': '42145.80', 'v': '31.591', 'n': 525, 'x': False, 'q': '1331720.31860', 'V': '5.113', 'Q': '215553.79050', 'B': '0'}"
kline,1703897063090,BTCUSDT,"{'t': 1703897040000, 'T': 1703897099999, 's': 'BTCUSDT', 'i': '1m', 'f': 4423098279, 'L': 4423098807, 'o': '42172.80', 'c': '42145.90', 'h': '42172.90', 'l': '42145.80', 'v': '31.933', 'n': 529, 'x': False, 'q': '1346134.18480', 'V': '5.139', 'Q': '216649.58390', 'B': '0'}"
kline,1703897063204,ETHUSDT,"{'t': 1703897040000, 'T': 1703897099999, 's': 'ETHUSDT', 'i': '1m', 'f': 3475189558, 'L': 3475190648, 'o': '2304.27', 'c': '2302.51', 'h': '2304.28', 'l': '2301.77', 'v': '1835.224', 'n': 1091, 'x': False, 'q': '4226962.37696', 'V': '281.346', 'Q': '647746.57952', 'B': '0'}"
kline,1703897063534,BTCUSDT,"{'t': 1703897040000, 'T': 1703897099999, 's': 'BTCUSDT', 'i': '1m', 'f': 4423098279, 'L': 4423098808, 'o': '42172.80', 'c': '42145.80', 'h': '42172.90', 'l': '42145.80', 'v': '31.964', 'n': 530, 'x': False, 'q': '1347440.70460', 'V': '5.139', 'Q': '216649.58390', 'B': '0'}"
kline,1703897063633,ETHUSDT,"{'t': 1703897040000, 'T': 1703897099999, 's': 'ETHUSDT', 'i': '1m', 'f': 3475189558, 'L': 3475190675, 'o': '2304.27', 'c': '2302.67', 'h': '2304.28', 'l': '2301.77', 'v': '1886.310', 'n': 1118, 'x': False, 'q': '4344592.05940', 'V': '332.253', 'Q': '764964.08403', 'B': '0'}"
kline,1703897063842,BTCUSDT,"{'t': 1703897040000, 'T': 1703897099999, 's': 'BTCUSDT', 'i': '1m', 'f': 4423098279, 'L': 4423098826, 'o': '42172.80', 'c': '42145.80', 'h': '42172.90', 'l': '42145.80', 'v': '32.632', 'n': 548, 'x': False, 'q': '1375594.13600', 'V': '5.509', 'Q': '232243.56690', 'B': '0'}"
kline,1703897064234,BNBUSDT,"{'t': 1703897040000, 'T': 1703897099999, 's': 'BNBUSDT', 'i': '1m', 'f': 1124030194, 'L': 1124030333, 'o': '313.900', 'c': '313.630', 'h': '313.900', 'l': '313.620', 'v': '127.98', 'n': 140, 'x': False, 'q': '40153.65530', 'V': '9.68', 'Q': '3037.47980', 'B': '0'}"
kline,1703897064244,ETHUSDT,"{'t': 1703897040000, 'T': 1703897099999, 's': 'ETHUSDT', 'i': '1m', 'f': 3475189558, 'L': 3475190677, 'o': '2304.27', 'c': '2302.67', 'h': '2304.28', 'l': '2301.77', 'v': '1886.334', 'n': 1120, 'x': False, 'q': '4344647.32358', 'V': '332.263', 'Q': '764987.11083', 'B': '0'}"
kline,1703897064278,BTCUSDT,"{'t': 1703897040000, 'T': 1703897099999, 's': 'BTCUSDT', 'i': '1m', 'f': 4423098279, 'L': 4423098829, 'o': '42172.80', 'c': '42145.90', 'h': '42172.90', 'l': '42145.80', 'v': '32.738', 'n': 551, 'x': False, 'q': '1380061.59830', 'V': '5.584', 'Q': '235404.50940', 'B': '0'}"
kline,1703897064588,ETHUSDT,"{'t': 1703897040000, 'T': 1703897099999, 's': 'ETHUSDT', 'i': '1m', 'f': 3475189558, 'L': 3475190683, 'o': '2304.27', 'c': '2302.67', 'h': '2304.28', 'l': '2301.77', 'v': '1886.679', 'n': 1126, 'x': False, 'q': '4345441.74733', 'V': '332.523', 'Q': '765585.80763', 'B': '0'}"
kline,1703897064742,BTCUSDT,"{'t': 1703897040000, 'T': 1703897099999, 's': 'BTCUSDT', 'i': '1m', 'f': 4423098279, 'L': 4423098830, 'o': '42172.80', 'c': '42145.90', 'h': '42172.90', 'l': '42145.80', 'v': '32.750', 'n': 552, 'x': False, 'q': '1380567.34910', 'V': '5.596', 'Q': '235910.26020', 'B': '0'}"
kline,1703897065001,ETHUSDT,"{'t': 1703897040000, 'T': 1703897099999, 's': 'ETHUSDT', 'i': '1m', 'f': 3475189558, 'L': 3475190685, 'o': '2304.27', 'c': '2302.67', 'h': '2304.28', 'l': '2301.77', 'v': '1887.257', 'n': 1128, 'x': False, 'q': '4346772.69059', 'V': '332.523', 'Q': '765585.80763', 'B': '0'}"
kline,1703897065021,BTCUSDT,"{'t': 1703897040000, 'T': 1703897099999, 's': 'BTCUSDT', 'i': '1m', 'f': 4423098279, 'L': 4423098831, 'o': '42172.80', 'c': '42145.90', 'h': '42172.90', 'l': '42145.80', 'v': '32.762', 'n': 553, 'x': False, 'q': '1381073.09990', 'V': '5.608', 'Q': '236416.01100', 'B': '0'}"
kline,1703897065029,BNBUSDT,"{'t': 1703897040000, 'T': 1703897099999, 's': 'BNBUSDT', 'i': '1m', 'f': 1124030194, 'L': 1124030341, 'o': '313.900', 'c': '313.640', 'h': '313.900', 'l': '313.620', 'v': '132.07', 'n': 148, 'x': False, 'q': '41436.40660', 'V': '13.31', 'Q': '4175.95670', 'B': '0'}"
kline,1703897065608,BTCUSDT,"{'t': 1703897040000, 'T': 1703897099999, 's': 'BTCUSDT', 'i': '1m', 'f': 4423098279, 'L': 4423098833, 'o': '42172.80', 'c': '42145.80', 'h': '42172.90', 'l': '42145.80', 'v': '33.047', 'n': 555, 'x': False, 'q': '1393084.65290', 'V': '5.608', 'Q': '236416.01100', 'B': '0'}"
kline,1703897065638,ETHUSDT,"{'t': 1703897040000, 'T': 1703897099999, 's': 'ETHUSDT', 'i': '1m', 'f': 3475189558, 'L': 3475190687, 'o': '2304.27', 'c': '2302.68', 'h': '2304.28', 'l': '2301.77', 'v': '1890.968', 'n': 1130, 'x': False, 'q': '4355317.93429', 'V': '336.056', 'Q': '773721.17607', 'B': '0'}"
kline,1703897065879,BTCUSDT,"{'t': 1703897040000, 'T': 1703897099999, 's': 'BTCUSDT', 'i': '1m', 'f': 4423098279, 'L': 4423098834, 'o': '42172.80', 'c': '42145.80', 'h': '42172.90', 'l': '42145.80', 'v': '33.199', 'n': 556, 'x': False, 'q': '1399490.81450', 'V': '5.608', 'Q': '236416.01100', 'B': '0'}"
kline,1703897066208,BTCUSDT,"{'t': 1703897040000, 'T': 1703897099999, 's': 'BTCUSDT', 'i': '1m', 'f': 4423098279, 'L': 4423098837, 'o': '42172.80', 'c': '42145.90', 'h': '42172.90', 'l': '42145.80', 'v': '33.214', 'n': 559, 'x': False, 'q': '1400123.00220', 'V': '5.615', 'Q': '236711.03230', 'B': '0'}"
kline,1703897066515,BTCUSDT,"{'t': 1703897040000, 'T': 1703897099999, 's': 'BTCUSDT', 'i': '1m', 'f': 4423098279, 'L': 4423098838, 'o': '42172.80', 'c': '42145.80', 'h': '42172.90', 'l': '42145.80', 'v': '33.314', 'n': 560, 'x': False, 'q': '1404337.58220', 'V': '5.615', 'Q': '236711.03230', 'B': '0'}"
kline,1703897066857,BNBUSDT,"{'t': 1703897040000, 'T': 1703897099999, 's': 'BNBUSDT', 'i': '1m', 'f': 1124030194, 'L': 1124030343, 'o': '313.900', 'c': '313.650', 'h': '313.900', 'l': '313.620', 'v': '133.95', 'n': 150, 'x': False, 'q': '42026.06570', 'V': '14.90', 'Q': '4674.66020', 'B': '0'}"
kline,1703897067008,BTCUSDT,"{'t': 1703897040000, 'T': 1703897099999, 's': 'BTCUSDT', 'i': '1m', 'f': 4423098279, 'L': 4423098840, 'o': '42172.80', 'c': '42145.90', 'h': '42172.90', 'l': '42145.80', 'v': '33.327', 'n': 562, 'x': False, 'q': '1404885.47840', 'V': '5.623', 'Q': '237048.19950', 'B': '0'}"
kline,1703897067573,BNBUSDT,"{'t': 1703897040000, 'T': 1703897099999, 's': 'BNBUSDT', 'i': '1m', 'f': 1124030194, 'L': 1124030354, 'o': '313.900', 'c': '313.660', 'h': '313.900', 'l': '313.620', 'v': '149.27', 'n': 161, 'x': False, 'q': '46831.32910', 'V': '29.12', 'Q': '9134.89760', 'B': '0'}"
kline,1703897067859,BTCUSDT,"{'t': 1703897040000, 'T': 1703897099999, 's': 'BTCUSDT', 'i': '1m', 'f': 4423098279, 'L': 4423098841, 'o': '42172.80', 'c': '42145.90', 'h': '42172.90', 'l': '42145.80', 'v': '33.617', 'n': 563, 'x': False, 'q': '1417107.78940', 'V': '5.913', 'Q': '249270.51050', 'B': '0'}"
kline,1703897068424,ETHUSDT,"{'t': 1703897040000, 'T': 1703897099999, 's': 'ETHUSDT', 'i': '1m', 'f': 3475189558, 'L': 3475190688, 'o': '2304.27', 'c': '2302.67', 'h': '2304.28', 'l': '2301.77', 'v': '1890.978', 'n': 1131, 'x': False, 'q': '4355340.96099', 'V': '336.056', 'Q': '773721.17607', 'B': '0'}"
kline,1703897069023,BTCUSDT,"{'t': 1703897040000, 'T': 1703897099999, 's': 'BTCUSDT', 'i': '1m', 'f': 4423098279, 'L': 4423098842, 'o': '42172.80', 'c': '42145.80', 'h': '42172.90', 'l': '42145.80', 'v': '33.667', 'n': 564, 'x': False, 'q': '1419215.07940', 'V': '5.913', 'Q': '249270.51050', 'B': '0'}"
kline,1703897069394,BTCUSDT,"{'t': 1703897040000, 'T': 1703897099999, 's': 'BTCUSDT', 'i': '1m', 'f': 4423098279, 'L': 4423098843, 'o': '42172.80', 'c': '42145.80', 'h': '42172.90', 'l': '42145.80', 'v': '33.721', 'n': 565, 'x': False, 'q': '1421490.95260', 'V': '5.913', 'Q': '249270.51050', 'B': '0'}"
kline,1703897069967,BTCUSDT,"{'t': 1703897040000, 'T': 1703897099999, 's': 'BTCUSDT', 'i': '1m', 'f': 4423098279, 'L': 4423098844, 'o': '42172.80', 'c': '42145.80', 'h': '42172.90', 'l': '42145.80', 'v': '33.725', 'n': 566, 'x': False, 'q': '1421659.53580', 'V': '5.913', 'Q': '249270.51050', 'B': '0'}"
kline,1703897070196,ETHUSDT,"{'t': 1703897040000, 'T': 1703897099999, 's': 'ETHUSDT', 'i': '1m', 'f': 3475189558, 'L': 3475190689, 'o': '2304.27', 'c': '2302.67', 'h': '2304.28', 'l': '2301.77', 'v': '1891.078', 'n': 1132, 'x': False, 'q': '4355571.22799', 'V': '336.056', 'Q': '773721.17607', 'B': '0'}"
kline,1703897070507,ETHUSDT,"{'t': 1703897040000, 'T': 1703897099999, 's': 'ETHUSDT', 'i': '1m', 'f': 3475189558, 'L': 3475190690, 'o': '2304.27', 'c': '2302.67', 'h': '2304.28', 'l': '2301.77', 'v': '1895.945', 'n': 1133, 'x': False, 'q': '4366778.32288', 'V': '336.056', 'Q': '773721.17607', 'B': '0'}"
kline,1703897071355,BNBUSDT,"{'t': 1703897040000, 'T': 1703897099999, 's': 'BNBUSDT', 'i': '1m', 'f': 1124030194, 'L': 1124030355, 'o': '313.900', 'c': '313.660', 'h': '313.900', 'l': '313.620', 'v': '154.17', 'n': 162, 'x': False, 'q': '48368.26310', 'V': '29.12', 'Q': '9134.89760', 'B': '0'}"
